code_name,code,2024/8/1,2024/8/2,2024/8/5,2024/8/6,2024/8/7,2024/8/8,2024/8/9,2024/8/12,2024/8/13,2024/8/14,2024/8/15,2024/8/16,2024/8/19,2024/8/20,2024/8/21,2024/8/22,2024/8/23,2024/8/26,2024/8/27,2024/8/28,2024/8/29,2024/8/30,2024/9/2,2024/9/3,2024/9/4,2024/9/5,2024/9/6,2024/9/9,2024/9/10,2024/9/11,2024/9/12,2024/9/13,2024/9/18,2024/9/19,2024/9/20,2024/9/23,2024/9/24,2024/9/25,2024/9/26,2024/9/27,2024/9/30,2024/10/8,2024/10/9,2024/10/10,2024/10/11,2024/10/14,2024/10/15,2024/10/16,2024/10/17,2024/10/18,2024/10/21,2024/10/22,2024/10/23,2024/10/24,2024/10/25,2024/10/28,2024/10/29,2024/10/30
中国石化,sh.600028,6.48,6.53,6.55,6.46,6.43,6.55,6.5,6.56,6.57,6.63,6.62,6.7,6.68,6.7,6.65,6.65,6.73,6.85,6.9,7.15,7.09,6.85,6.75,6.95,6.6,6.62,6.55,6.6,6.38,6.47,6.29,6.21,6.21,6.39,6.3,6.4,6.57,6.89,6.74,6.79,6.69,7.6,7,6.66,6.91,6.88,6.75,6.55,6.61,6.51,6.67,6.55,6.61,6.56,6.49,6.41,6.32,6.23
中国石化,sh.600028,6.56,6.59,6.44,6.44,6.52,6.5,6.56,6.57,6.64,6.65,6.69,6.68,6.72,6.66,6.67,6.74,6.82,6.89,7.18,7.1,6.87,6.81,6.97,6.67,6.59,6.55,6.6,6.38,6.5,6.3,6.33,6.19,6.39,6.32,6.38,6.48,6.76,6.72,6.75,6.66,6.96,7.02,6.58,6.88,6.75,6.8,6.6,6.59,6.5,6.57,6.55,6.6,6.59,6.49,6.45,6.44,6.23,6.19
中国石化,sh.600028,6.62,6.61,6.55,6.5,6.6,6.59,6.58,6.65,6.68,6.67,6.71,6.76,6.8,6.71,6.68,6.79,6.83,6.92,7.2,7.21,7.17,6.92,7.02,7,6.65,6.65,6.72,6.63,6.53,6.48,6.35,6.26,6.44,6.42,6.46,6.54,6.77,6.99,6.75,6.79,7.12,7.64,7,7,7.01,6.9,6.75,6.66,6.67,6.63,6.7,6.62,6.62,6.58,6.49,6.44,6.33,6.25
中国石化,sh.600028,6.46,6.46,6.38,6.4,6.41,6.49,6.49,6.53,6.56,6.59,6.6,6.64,6.67,6.6,6.56,6.62,6.71,6.79,6.89,7.05,6.84,6.71,6.73,6.62,6.5,6.48,6.54,6.36,6.37,6.16,6.24,6.18,6.21,6.16,6.3,6.35,6.5,6.68,6.62,6.52,6.68,6.84,6.58,6.65,6.68,6.73,6.6,6.52,6.5,6.44,6.53,6.53,6.54,6.48,6.43,6.36,6.22,6.17
中国石化,sh.600028,131782542,97073758,146616318,95496076,109375911,62027618,66883566,99584700,93251231,58991417,81430329,124517577,115984327,88015965,72221746,105746163,97835107,136585649,205901774,119407650,156372085,180830165,164561123,175875914,103761424,122228207,85728765,141548337,116664404,176713368,98119005,99900315,109331331,131665937,141769491,85530303,158111820,211493297,191475786,225603165,524732523,602787150,355211645,319840879,244773968,182196125,178261032,136315154,157877365,196731652,237685914,153924210,161485930,144542932,112205589,153004067,281948483,156245067
中信证券,sh.600030,19.55,19.48,19.12,19.32,19.12,18.93,19.14,18.82,18.85,18.99,18.84,19.1,19.07,19.06,18.9,19,18.71,18.63,18.4,18.41,18.5,18.75,19.19,18.91,19.05,19.05,19.44,18.79,19.04,18.85,19.02,18.91,18.8,19.07,19.3,19.32,19.71,21.29,21.01,23.4,27.2,29.92,31,29.1,27.2,27.97,27,26.11,26.5,26.12,27.44,27.48,27.68,27.4,27.28,27.51,27.52,27.25
中信证券,sh.600030,19.58,19.21,19.12,19.11,18.97,19.07,18.89,18.87,19.06,18.85,19.15,19.1,19.04,18.93,18.92,18.73,19.1,18.46,18.46,18.43,18.79,19.29,18.92,19.12,19.12,19.11,19.06,18.98,18.88,19,18.88,18.92,18.94,19.34,19.29,19.31,20.82,21.16,22.48,24.73,27.2,29.92,30.35,27.75,28.17,27.46,26.72,26.41,26.16,27.91,27.46,27.67,27.57,27.28,27.5,27.49,27.23,27.46
中信证券,sh.600030,19.82,19.65,19.42,19.37,19.22,19.22,19.2,18.92,19.08,19.07,19.3,19.21,19.22,19.08,18.98,19.09,19.2,18.72,18.51,18.53,18.95,19.48,19.2,19.25,19.29,19.18,19.58,19.2,19.06,19.08,19.04,19.08,19.01,19.5,19.36,19.47,20.83,21.78,22.49,24.73,27.2,29.92,32.89,29.74,28.84,27.98,27.79,27.14,26.99,28.78,27.9,27.91,28.19,27.71,27.89,27.61,27.96,27.78
中信证券,sh.600030,19.51,19.15,19.09,18.93,18.93,18.85,18.88,18.72,18.8,18.83,18.81,19,19.01,18.87,18.79,18.64,18.69,18.37,18.26,18.33,18.46,18.72,18.91,18.91,19.05,18.97,19.04,18.75,18.75,18.82,18.84,18.84,18.77,18.95,19.13,19.17,19.4,21.05,21.01,22.7,26.44,29.92,28.77,27.48,26.68,26.07,26.66,26.07,26.14,26.1,27.2,27.32,27.47,27.11,27.2,27.34,27.2,27.17
中信证券,sh.600030,126438939,97703187,96617014,75060005,57245073,64732498,53998402,45072581,47472446,46502325,83514500,45332130,43305842,41658617,37924159,50241548,68655877,58841279,40210254,33370073,86632408,142158143,65395420,50871883,46710930,52389478,117612817,72901485,53073412,46040786,34125596,46149992,37932607,98938852,62919701,53651089,286916339,300731823,309320312,279934718,394917453,147521340,1351455140,774670412,485999047,450419082,278100853,259489205,206519367,571182902,363397689,223802073,279364960,162902254,166572085,134573195,186891626,194475316
三一重工,sh.600031,16.09,15.7,15.62,15.5,15.45,15.25,15.36,15.4,15.36,15.25,14.93,15.32,15.26,15.6,15.58,15.59,15.58,15.97,16.07,16.04,16.06,15.76,16.16,16.31,16.45,16.36,16.48,15.77,15.43,15.2,15.5,15.53,15.23,15.83,15.73,15.84,16.37,16.86,16.7,17.49,18.42,20.76,19.08,17.93,18.4,18,18.67,18.08,18.15,17.66,18,17.75,17.81,17.61,17.46,17.45,17.9,17.56
三一重工,sh.600031,15.78,15.65,15.42,15.46,15.3,15.29,15.41,15.34,15.26,14.99,15.31,15.29,15.62,15.63,15.63,15.55,15.95,16.01,16.05,16.12,15.88,16.12,16.31,16.38,16.35,16.43,16.13,15.24,15.29,15.57,15.5,15.28,15.84,15.68,15.85,16.24,16.67,16.7,17.19,17.82,18.88,19.42,17.93,18.58,17.91,18.66,18.28,18.17,17.73,18,17.76,17.8,17.7,17.44,17.45,17.82,17.66,17.51
三一重工,sh.600031,16.1,15.87,15.8,15.65,15.69,15.39,15.82,15.48,15.41,15.28,15.39,15.39,15.69,15.7,15.7,15.67,16,16.13,16.09,16.2,16.12,16.25,16.58,16.48,16.45,16.48,16.59,15.77,15.43,15.6,15.79,15.59,15.9,16.17,15.95,16.31,16.71,17.18,17.19,17.93,19.2,20.76,19.08,19.1,18.52,18.66,18.75,18.43,18.32,18.25,18.15,17.97,17.87,17.61,17.71,17.84,17.95,17.95
三一重工,sh.600031,15.77,15.61,15.31,15.2,15.27,15.13,15.33,15.22,15.11,14.97,14.85,15.22,15.22,15.48,15.53,15.41,15.52,15.67,15.88,15.94,15.88,15.35,16.12,16.21,16.18,16.23,16.12,15.16,15.07,15.15,15.43,15.23,15.2,15.64,15.56,15.83,16.09,16.63,16.62,17.33,18.02,19,17.93,17.93,17.75,18,18.26,18.02,17.68,17.55,17.61,17.62,17.65,17.26,17.38,17.28,17.53,17.51
三一重工,sh.600031,35275919,21598620,32018950,29926759,26443901,20281814,42385759,16173550,27181747,29145751,33408409,16075015,30393946,23437454,20314571,26269444,40534563,35218622,30961294,26094380,42778804,73371874,62936987,29135801,27579853,26349799,31538250,88776793,43570502,34597922,26482071,36196575,53442642,61449559,39899179,50809804,68534629,71991492,71427010,85241840,248847666,254251412,197425740,136630023,84415882,122966143,71140392,62869312,74798500,104473260,84967655,70570012,68261069,63687039,68119207,81314000,58291083,50897461
招商银行,sh.600036,32.73,32.42,32.2,32.36,31.73,31.61,31.97,32.3,32.1,31.9,31.85,32.75,33.25,33.45,33.3,33.28,33.27,33.7,33.77,33.83,33.59,32.8,32,32.01,31.53,31.36,31.25,30.98,30.25,30.14,30.1,30.28,30.61,31.2,30.82,30.85,31.68,33.85,34.16,36.11,36.35,41.37,39.7,37.4,38.73,39.01,39.17,38.15,39.53,38.51,39.15,38.84,39.06,39.55,39.25,39.01,38.6,38.51
招商银行,sh.600036,32.71,32.28,32.1,31.7,31.58,31.93,32.33,32.12,31.94,31.86,32.76,33.15,33.42,33.48,33.24,33.3,33.7,33.77,33.7,33.68,32.93,32.15,31.93,31.62,31.36,31.2,31.25,30.24,30.19,30.08,30.23,30.6,31.11,30.82,30.94,31.39,33.13,34.15,35.38,35.63,37.61,40,37.01,38.73,38.43,39.33,38.5,39.5,38.49,39.05,38.85,39.17,39.66,39.31,39.1,38.52,38.6,37.88
招商银行,sh.600036,32.85,32.6,32.52,32.39,31.9,31.98,32.58,32.34,32.23,32.14,32.92,33.25,33.5,33.6,33.43,33.55,33.85,33.84,33.94,33.98,33.77,33.11,32.38,32.08,31.93,31.44,31.74,30.99,30.43,30.2,30.5,30.9,31.2,31.23,31.11,31.49,33.14,34.49,35.38,36.5,38,41.37,39.72,39.5,39.22,39.8,39.99,39.5,39.79,39.43,39.15,39.6,39.94,39.68,39.49,39.1,39.1,38.9
招商银行,sh.600036,32.27,32.23,32.05,31.51,31.55,31.38,31.81,31.93,31.76,31.81,31.65,32.72,33.03,33.16,32.82,33.18,33.07,33.47,33.53,33.44,32.9,32.12,31.84,31.4,31.35,30.9,31.2,30.04,29.94,29.93,29.94,30,30.61,30.63,30.66,30.84,31.67,33.7,33.91,34.91,35.92,38.82,37.01,37.4,38.03,38.69,38.5,38.13,38.49,38.21,38.5,38.75,39.02,39.14,39.06,38.28,38.41,37.61
招商银行,sh.600036,40913881,38613024,58441984,51438864,39073173,39459978,48274847,31894321,28237769,28244610,73978983,41850302,42284342,42372873,37810105,38286399,46558726,35117460,38720857,41523208,51638782,111222983,55802065,50575188,38052590,54206345,38318214,87107347,47602357,41579376,41026697,49597443,41854027,45119126,48741755,34460872,136121800,185624279,174532999,74545782,256101260,297303868,185593210,143329841,90347580,129293839,95597653,101254815,84892228,92819433,71753946,60052610,62709968,33631220,44793119,66464094,51468161,70340828
保利发展,sh.600048,8.78,8.35,8.17,8.33,8.53,8.52,8.42,8.49,8.25,8.21,8.12,8.18,8.14,8.18,7.98,7.88,7.9,7.91,8,7.79,7.7,7.73,8.01,7.83,7.82,7.78,7.74,7.62,7.52,7.42,7.5,7.53,7.51,7.7,7.71,7.96,8.25,8.24,8.21,9.6,11.03,12.13,10.6,9.61,9.96,10.59,10.59,11.14,11.35,10.1,10.47,10.7,10.91,10.86,10.7,10.66,10.76,10.62
保利发展,sh.600048,8.46,8.29,8.26,8.58,8.47,8.48,8.55,8.26,8.23,8.16,8.21,8.18,8.18,8.04,7.87,7.96,7.91,8.02,7.8,7.71,7.71,8.12,7.85,7.89,7.7,7.79,7.69,7.54,7.45,7.51,7.49,7.48,7.63,7.91,8.05,8.08,8.17,8.29,9.12,10.03,11.03,10.99,9.89,10.03,10.25,10.79,10.93,11.39,10.32,10.47,10.76,10.96,10.94,10.72,10.71,10.91,10.62,10.67
保利发展,sh.600048,8.86,8.42,8.58,8.65,8.55,8.82,8.86,8.52,8.27,8.25,8.32,8.24,8.31,8.24,8.01,8.06,8.08,8.18,8.01,7.82,7.78,8.48,8.04,8.02,7.99,7.86,7.76,7.63,7.56,7.61,7.65,7.6,7.74,8.06,8.07,8.2,8.36,8.69,9.12,10.03,11.03,12.13,10.6,10.35,10.4,11.15,11.2,11.56,11.35,10.74,10.81,11.04,11.12,10.98,10.97,10.98,11.09,10.87
保利发展,sh.600048,8.43,8.26,8.15,8.3,8.37,8.34,8.41,8.23,8.14,8.12,8.08,8.07,8.08,8,7.79,7.85,7.85,7.81,7.77,7.69,7.63,7.7,7.83,7.72,7.68,7.72,7.68,7.46,7.3,7.38,7.47,7.47,7.37,7.67,7.69,7.93,7.9,8.21,8.21,9.57,10.25,10.36,9.89,9.5,9.76,10.41,10.47,10.88,10.3,9.9,10.23,10.63,10.85,10.66,10.67,10.65,10.61,10.52
保利发展,sh.600048,125515963,97749193,130110300,126006744,65836443,125731602,179518000,113705586,61758939,50998610,109362816,78135610,81333000,79206663,113839398,123616189,94657088,117185902,86970603,64101509,60312484,295664365,129416403,122521167,139823949,91529365,70593544,74544200,94511171,69862242,50465503,65166901,122346305,202320078,184298619,135316631,279252468,274756687,349978064,446630714,635977736,686120756,395132044,332952272,282175686,363826860,290089419,409158138,380881709,290448063,233811713,171052467,147606018,112316218,115332666,122909611,124956084,149861928
中国联通,sh.600050,4.68,4.72,4.75,4.67,4.59,4.56,4.59,4.53,4.46,4.48,4.51,4.57,4.74,4.8,4.76,4.76,4.77,4.79,4.78,4.81,4.79,4.67,4.65,4.63,4.66,4.68,4.62,4.61,4.54,4.55,4.51,4.47,4.47,4.49,4.47,4.49,4.51,4.73,4.79,4.97,5.06,5.88,5.45,5.22,5.35,5.15,5.23,5.1,5.17,5.06,5.18,5.15,5.18,5.12,5.03,5.04,5.16,5.03
中国联通,sh.600050,4.72,4.76,4.66,4.59,4.57,4.59,4.52,4.46,4.47,4.5,4.53,4.73,4.79,4.76,4.76,4.76,4.79,4.79,4.81,4.79,4.68,4.64,4.63,4.67,4.68,4.62,4.61,4.55,4.56,4.5,4.47,4.47,4.48,4.47,4.49,4.49,4.7,4.8,4.93,4.97,5.35,5.54,5.17,5.41,5.13,5.25,5.16,5.16,5.07,5.17,5.16,5.14,5.14,5.05,5.06,5.16,5.11,5.01
中国联通,sh.600050,4.78,4.8,4.78,4.7,4.64,4.62,4.62,4.53,4.49,4.53,4.56,4.74,4.79,4.8,4.79,4.8,4.83,4.82,4.82,4.82,4.8,4.71,4.67,4.68,4.71,4.7,4.68,4.63,4.58,4.56,4.52,4.53,4.5,4.5,4.52,4.52,4.7,4.89,4.93,5.04,5.39,5.89,5.45,5.61,5.37,5.29,5.32,5.21,5.21,5.23,5.19,5.16,5.26,5.13,5.08,5.22,5.18,5.03
中国联通,sh.600050,4.68,4.7,4.65,4.53,4.57,4.55,4.52,4.44,4.45,4.46,4.46,4.56,4.72,4.74,4.72,4.74,4.74,4.75,4.77,4.76,4.67,4.64,4.59,4.6,4.65,4.6,4.61,4.52,4.54,4.48,4.45,4.46,4.44,4.43,4.45,4.47,4.5,4.72,4.78,4.86,5.03,5.31,5.14,5.22,5.08,5.14,5.16,5.08,5.05,5.01,5.1,5.07,5.12,5.02,5.02,5.03,5.07,4.97
中国联通,sh.600050,186164119,203394759,181472206,189249971,96292592,85446257,121107059,102663976,96733076,105705328,129144625,323169554,186396009,126316122,115383008,124864435,144927804,112225242,127262211,109823829,141194061,194781752,125520979,111772210,107537642,125378002,86549882,118222206,85330470,101377777,109252147,82266492,94465319,131099492,149519694,106985014,237413864,302441049,258645459,183825329,602375374,720730563,467442579,574917680,365234045,248487799,206398537,169819039,185240496,252311836,274134526,224417990,321397968,241812576,166842677,280245168,193013791,159707187
特变电工,sh.600089,13.5,13.46,13.33,13.28,13.36,13.48,13.43,13.38,13.29,13.22,13.02,13.15,13.08,13.06,12.87,12.76,12.5,12.5,12.55,12.13,12.29,12.36,12.62,12.28,12.41,12.41,12.46,12.33,12.09,11.89,11.92,11.98,11.8,11.87,11.99,12,12.01,12.58,12.73,13.24,14.07,16.08,14.6,13.61,14.08,13.45,13.48,13.01,12.98,12.64,13.06,13.18,13.28,13.96,13.66,14.36,14.56,14.03
特变电工,sh.600089,13.48,13.37,13.19,13.36,13.48,13.4,13.3,13.33,13.22,12.99,13.13,13.1,13.06,12.9,12.74,12.49,12.44,12.58,12.18,12.31,12.37,12.62,12.31,12.47,12.41,12.43,12.33,12.09,11.89,11.92,11.97,11.81,11.87,11.99,12.04,11.96,12.43,12.72,13.1,13.69,14.64,14.98,13.61,13.9,13.53,13.55,13.12,12.92,12.63,13.01,13.18,13.28,14.07,13.7,14.54,14.27,14.42,14.14
特变电工,sh.600089,13.67,13.55,13.52,13.47,13.57,13.54,13.5,13.43,13.34,13.31,13.22,13.17,13.22,13.08,12.89,12.83,12.54,12.63,12.55,12.35,12.57,12.76,12.76,12.49,12.59,12.48,12.5,12.38,12.14,12.02,12.16,12.04,11.91,12.08,12.1,12.09,12.45,13.02,13.1,13.77,14.82,16.1,14.62,14.13,14.08,13.69,13.52,13.13,13.05,13.21,13.36,13.33,14.44,13.96,14.62,14.36,15.14,14.45
特变电工,sh.600089,13.46,13.33,13.19,13.23,13.36,13.36,13.3,13.27,13.11,12.99,12.91,13.06,13.04,12.8,12.73,12.46,12.39,12.45,12.06,12.12,12.23,12.29,12.3,12.27,12.38,12.36,12.31,12.02,11.72,11.83,11.89,11.8,11.72,11.74,11.82,11.94,11.96,12.55,12.68,13.23,13.94,14.39,13.61,13.61,13.39,13.42,13.12,12.91,12.6,12.58,12.97,13.06,13.26,13.62,13.66,14.02,14.41,14.03
特变电工,sh.600089,20351499,22079631,27220574,21914965,24842010,15983990,13525763,12690932,18981497,21743744,20779578,14678309,16213627,22504866,17592618,29061610,16201559,17629555,29479191,18957099,17863140,27859449,22590320,17906040,16717050,13889029,11455914,20844105,25824141,16893811,13991541,14326743,13208325,20056010,21273447,16003739,40830462,51305099,45840217,49991085,158493420,216172027,123965143,66931812,49185826,50395641,59414655,47800804,58684610,69058954,73258862,64017161,157985276,66370793,172511837,115200092,186236382,89833964
上汽集团,sh.600104,14.68,14.65,14.6,14.55,14.34,14.15,14.12,13.85,13.73,13.62,13.33,13.18,13.14,13.11,12.83,12.8,12.68,13.02,12.85,12.79,12.59,12.49,12.48,12.13,12.12,12.09,12.16,12.27,12.15,11.8,11.82,11.67,11.55,11.8,11.84,11.8,11.97,12.45,12.55,13.37,13.9,16,14.7,13.62,13.91,13.67,13.58,13.08,13.08,12.8,13.18,12.9,13.2,13.45,13.19,13.35,13.49,13.18
上汽集团,sh.600104,14.73,14.55,14.52,14.25,14.18,14.08,13.86,13.74,13.65,13.33,13.46,13.08,13.09,12.88,12.84,12.67,13,12.88,12.76,12.55,12.55,12.56,12.17,12.23,12.09,12.15,12.28,12.14,11.79,11.82,11.67,11.55,11.78,11.83,11.86,11.89,12.23,12.56,13.22,13.57,14.63,14.91,13.59,13.92,13.67,13.63,13.2,13.07,12.8,13.11,12.94,13.12,13.45,13.18,13.35,13.45,13.3,13.18
上汽集团,sh.600104,14.8,14.72,14.74,14.66,14.34,14.24,14.21,13.89,13.78,13.63,13.52,13.3,13.37,13.14,12.89,12.83,13.04,13.09,12.93,12.82,12.64,12.78,12.54,12.23,12.23,12.21,12.5,12.34,12.16,11.95,11.84,11.71,11.85,11.9,11.94,11.95,12.25,12.86,13.23,13.59,14.69,16.07,14.7,14.17,14.09,13.78,13.58,13.22,13.2,13.3,13.2,13.25,13.48,13.45,13.38,13.47,13.51,13.33
上汽集团,sh.600104,14.61,14.5,14.51,14.16,14.18,14.08,13.86,13.62,13.55,13.33,13.28,13.05,13.08,12.85,12.75,12.66,12.67,12.81,12.71,12.5,12.54,12.2,12.17,12.07,12.08,12.08,12.16,12.09,11.75,11.7,11.66,11.49,11.52,11.67,11.68,11.77,11.83,12.41,12.52,13.26,13.9,14.56,13.59,13.52,13.49,13.5,13.19,12.97,12.79,12.66,12.85,12.9,13.1,13.14,13.17,13.28,13.26,13.1
上汽集团,sh.600104,14706888,12945335,17649960,20007392,10472790,10613500,13641071,10781384,12577887,19171032,19279301,20630845,22586229,19572867,14286023,17397828,16639102,14843500,10292850,15112790,13347641,29042115,24264236,17434531,13992450,15653677,20286281,14838900,22961502,17006758,16280074,17780015,16165619,15827496,22415368,10120612,27100584,35291760,36219119,24306730,78191866,101611980,69300393,54663906,29933464,34868201,30858755,27607313,26755392,41972962,42688582,37643225,39536178,28770632,25856767,29340939,28092946,22218782
中国船舶,sh.600150,40.8,41.01,40.6,39.8,39.59,39.43,38.9,38.13,38.4,39.2,39.37,39.56,38.9,39.52,38.56,38.95,38.98,38.78,38.71,38.44,38.92,38.76,38.33,34.9,34.9,34.9,34.9,34.9,34.9,34.9,34.9,34.9,34.9,37.48,35.45,33.31,34.03,35.16,36.4,37.33,39.6,45.95,42.5,40.6,42.43,40.69,40.28,38.9,39.52,38.15,39.68,39.08,39.02,39.24,38.16,38.27,38.8,38.05
中国船舶,sh.600150,41.23,41.22,39.55,39.59,39.6,38.81,38.05,38,39.29,39.32,39.41,39.2,39.42,38.78,38.95,38.98,38.81,38.82,38.33,38.95,38.76,38.37,34.9,34.9,34.9,34.9,34.9,34.9,34.9,34.9,34.9,34.9,34.9,36.06,33.88,33.9,35.04,36.85,37.29,38.39,41.77,43.3,40.15,42.13,40.48,40.68,39.43,39.42,38.38,39.15,39.07,39.01,39.25,38.19,38.22,38.71,38.32,38.65
中国船舶,sh.600150,42.13,41.95,41.1,40.18,40.08,39.59,39.07,38.58,39.5,39.58,39.76,39.56,39.55,39.53,39.03,39.24,39.33,39.06,38.86,39.76,39.15,39.13,38.34,34.9,34.9,34.9,34.9,34.9,34.9,34.9,34.9,34.9,34.9,37.48,35.45,34.35,35.38,36.87,37.34,38.41,42.08,45.95,43.16,44.1,42.58,41.58,40.39,40.26,39.64,39.63,39.75,39.28,39.75,39.24,38.88,38.97,39.2,38.73
中国船舶,sh.600150,40.58,40.88,39.47,39.01,39.28,38.68,38.01,37.66,38.39,38.75,39.01,38.88,38.78,38.5,38.36,38.51,38.51,38.08,38.11,38.36,38.22,38.37,34.64,34.9,34.9,34.9,34.9,34.9,34.9,34.9,34.9,34.9,34.9,35,33.51,33.29,33.21,35.15,35.6,36.92,38.8,41.5,40.07,40.42,39.8,40.03,39.31,38.72,38.38,37.72,38.95,38.43,38.82,38.13,38.12,37.8,38.27,37.91
中国船舶,sh.600150,38505465,31876109,48279964,37739082,25165228,32802923,27380505,23782775,41653294,22804938,24802552,19454103,17811089,21379925,17388360,18434603,21067717,22091580,16872299,34746398,20678018,41241112,90845488,0,0,0,0,0,0,0,0,0,0,113655453,85317930,60445006,87429849,89937718,73653092,55141326,130829351,151202120,102999764,128315482,86795885,85428387,64451489,59161236,76306165,84264051,77507242,55442055,80979780,60713461,53759142,56756901,53455972,55778136
恒瑞医药,sh.600276,42.19,41.89,42.17,42.63,42.88,42.11,42.7,42.22,43.6,42.95,42.38,42.6,43.21,42.1,42.19,43.21,43.68,43.61,43.27,43.6,43.48,44.44,44.01,43.88,44.38,44.66,45.15,44.4,44.4,44.3,45.23,44.95,44.89,45.13,44.9,42.88,43.38,44.01,44.14,47.38,50.2,57.53,55,51.68,52.13,50.5,51.39,49.89,49.3,49,50.6,50.21,50.83,50.6,48.6,48.03,48.62,48.18
恒瑞医药,sh.600276,41.95,42.17,42.65,42.91,42.15,42.58,42.42,43.63,42.67,42.5,42.92,43.12,42.11,42.25,42.31,43.93,43.62,43.32,43.6,43.5,44.32,44.13,43.9,44.58,44.51,45,44.4,44.55,44.48,45.43,44.97,44.77,45.12,45,42.71,42.71,43.66,43.84,46.46,48.68,52.3,56.01,51.68,52.57,50.2,51.39,50.6,49.18,49.22,50.48,50.56,50.76,50.69,48.67,48,48.59,48.18,47.2
恒瑞医药,sh.600276,42.5,42.98,43.58,43.18,42.89,42.89,43.3,43.96,43.6,42.98,43.65,43.21,43.6,42.38,42.8,44.27,43.95,43.8,43.98,44.08,44.55,44.5,44.37,45.2,45.15,45.18,45.15,45.42,44.7,45.55,45.78,45.3,45.59,45.33,44.9,43.48,43.72,44.65,46.5,48.9,52.74,57.53,55,53.82,52.57,51.67,52.62,50.68,50.53,51.51,51.07,51.79,51.18,50.6,48.6,48.9,48.91,48.48
恒瑞医药,sh.600276,41.75,41.8,42.11,42.48,42.11,42.11,42.41,42.21,42.4,42.09,42.32,42.3,41.77,41.8,42.04,42.63,43.08,42.8,43.11,43.15,43.3,43.93,43.02,43.72,44.17,44.42,44.4,44.3,43.71,44.11,44.75,44.4,44.78,44.4,42.32,42.52,42.24,43.69,43.71,46.95,50,53.4,51.56,51.68,49.68,50.06,50.55,49.01,49.22,48.76,49.33,50.21,50.14,47.82,46.72,47.97,48.1,46.96
恒瑞医药,sh.600276,17431319,25582033,32358803,21771513,17729345,16488658,15598427,33283489,22723619,14184673,21424655,15694280,23967290,15398722,16231298,53734750,27750880,24522498,22626754,20622688,30523004,31328037,25800846,31647968,21257720,19863861,14147570,25601684,19918291,29157838,18657815,19509734,17507905,22401152,66915599,28475378,43328054,43382501,47693338,38062085,101848211,119259493,90059068,58528066,49542203,39584123,36326359,39738816,34296311,53672595,47185178,40107748,37059732,90154712,94314886,57114104,39770039,47548494
万华化学,sh.600309,77.5,73.5,73.21,72.83,72.15,73.49,76,75.22,74.52,73,70.5,70.28,70.62,70.46,69.93,70.1,69.7,70.58,69.6,69.55,69.62,70.88,72.8,70.84,71,70.2,70.8,70.21,70.14,69.42,70.28,70.89,71,73,75.5,75.73,77.02,80.54,78.5,82.4,89.5,100.4,92,84.98,85.2,82.5,82.01,78.81,79.12,76.33,79,78.28,79.05,79.1,77.48,77.73,78.95,76.6
万华化学,sh.600309,74.25,74,72.3,72.3,73.49,76.5,75.61,74.92,73.01,70.8,70.36,70.71,70.61,69.81,70.11,69.9,70.56,69.8,69.55,69.48,70.82,73,70.84,71.35,70.69,70.8,70.6,70.34,69.7,70.67,70.73,70.87,72.76,75.61,75.67,75.65,78.96,77.72,80.7,85.41,91.32,93.75,84.88,85.45,82,81.93,79.43,78.84,76.5,78.22,78.19,78.89,79.32,77.4,77.72,79.6,76.84,75.98
万华化学,sh.600309,77.62,74.31,74.2,73.65,73.98,77.18,76.75,75.68,74.68,73,71.38,71.34,71.93,71.13,70.58,70.5,71.26,70.97,69.9,70.18,71.29,74.21,73.07,71.48,71.58,71.26,71.53,71.57,70.7,70.89,71.79,72.2,72.83,76.5,75.74,76.67,79,81.56,80.7,85.99,92.97,100.4,92,88.45,85.4,83.5,82.2,80.18,79.49,79.5,79.12,80.23,80.08,79.1,78.79,80.5,78.95,77.36
万华化学,sh.600309,74.18,72.2,72.28,71.46,72.02,73.49,75.28,74,71.38,69.81,69.92,69.65,70.18,69.4,69.39,69.55,69.52,69.18,69.17,69.19,69.18,69.8,70.51,70.21,70.1,69.72,70.42,69.1,69.22,68.9,70.28,70.6,71,72.81,74.5,75.1,75.65,77.57,77.46,82.4,87.08,91.12,84.6,84.74,80.9,81.18,79.3,78.67,76.49,75.61,77.1,77.89,78.3,76.92,76.98,77.73,76.49,75.88
万华化学,sh.600309,19749958,18532614,14186373,11738867,14729378,20953459,9900755,7007824,20513372,22815374,16719628,12516778,11256285,11370578,7873643,6975459,9801382,11176194,7085033,7345365,12140183,20034526,11991158,8104813,9700581,10080920,7582645,10373314,6886085,9606352,7997672,9236019,13809341,21632355,13333965,10078796,22520140,24686647,22023291,21332796,47278924,54406647,45829499,27552497,24978330,33581425,24305250,18864783,26046988,30710137,32236978,28776664,29803752,26412023,22712126,43105593,46360867,23944899
国电南瑞,sh.600406,24,23.79,23.7,23.78,23.55,23.71,23.6,23.7,23.53,23.97,23.31,23.63,23.69,23.83,23.39,23.47,23.71,23.76,23.46,23.41,23.3,23.64,24.58,24.65,25.29,25.43,25.31,25.38,25.19,25.17,25.6,25.6,25.84,26.37,25.65,25.62,26.06,26.11,26.99,26.18,26.64,30.44,27.63,27.18,27.2,27.02,26.75,25.75,26.14,25.85,26.54,25.9,26.79,26.67,26.45,26.27,26.95,27.3
国电南瑞,sh.600406,23.8,23.67,23.72,23.53,23.82,23.65,23.53,23.53,23.8,23.35,23.67,23.63,23.69,23.4,23.48,23.9,23.76,23.58,23.32,23.3,23.76,24.62,24.72,25.34,25.38,25.21,25.11,25.14,25.18,25.56,25.6,25.84,26.07,25.71,25.74,25.64,25.69,26.47,26.05,26.12,27.67,27.9,27.15,27.12,26.65,26.88,25.94,25.99,25.76,26.36,25.89,26.69,26.57,26.48,26.3,26.97,27.35,26.91
国电南瑞,sh.600406,24.4,24.08,24,23.9,24.03,23.89,24.03,23.85,24.05,23.97,23.75,23.76,23.94,23.83,23.5,24.03,24.18,23.89,23.6,23.65,23.83,24.75,24.98,25.47,25.47,25.48,25.45,25.4,25.27,25.68,26.05,25.99,26.38,26.37,25.9,26.03,26.09,26.99,27,27,27.91,30.44,28.64,27.99,27.25,27.25,26.84,26.28,26.27,26.72,26.54,26.98,27.09,26.67,26.47,27.01,27.57,27.66
国电南瑞,sh.600406,23.76,23.52,23.56,23.24,23.55,23.36,23.43,23.51,23.51,23.35,23.03,23.45,23.55,23.22,23.21,23.35,23.63,23.45,23.12,22.99,22.85,23.64,24.53,24.56,24.91,24.79,25.1,24.82,24.97,25.11,25.5,25.4,25.75,25.5,25.41,25.58,25.24,25.77,25.6,25.2,26.36,27.5,26.93,26.89,26.36,26.37,25.91,25.51,25.66,25.68,25.8,25.9,26.51,26.35,26.1,26.02,26.88,26.66
国电南瑞,sh.600406,24819536,15673810,21814846,26144132,23185707,21925699,12349694,10114232,19312099,19256158,15839369,16088000,11026899,15935713,13108932,18783318,13407652,12518111,15359145,17793106,26868228,38075699,27099569,27762439,22284332,22136314,12574325,27797852,20112718,18380213,20698319,16936608,16959919,29890562,23666506,11659810,37482682,46398021,55381220,42836964,106252330,119692401,90232262,69974789,32840639,34782926,40917227,26969657,24798292,35149655,41250110,38218219,28542883,13681304,20472950,33670341,28938572,26585685
片仔癀,sh.600436,214,209.01,209.62,211.05,211.07,208.51,211.7,208.7,207.6,208,203.11,208.99,207,204.5,204,204.61,202.75,206.47,202.58,202.3,203.12,205.12,208.71,203.19,203.97,202.02,204,202.47,202.69,201.9,203.93,202,199.63,193.61,196.5,201,198.99,207.77,210.36,230,245.58,284.34,266,247,251,240,237.1,227.01,226.99,223.2,237.5,242.02,238.85,239.1,236.72,238.2,241.9,236.1
片仔癀,sh.600436,210.1,208.5,210.97,211.28,209.02,211.33,209.26,208,207.8,206.18,209.98,207.5,205,205,203.99,203.1,205.55,203.9,202.26,203.53,205.12,208.59,203.2,204.05,202.66,204,202.47,202.58,201.88,203.88,201.92,200.04,193.5,197.2,201,197.77,205,210.99,225.38,234.99,258.49,272.8,246.5,250.1,238.63,237.47,230.4,226.4,223.15,230.54,242,238.66,239.16,236.62,237.88,240.93,236.9,235.59
片仔癀,sh.600436,215.45,213.16,213.65,212.35,211.07,213.08,212.97,209.97,208,208.33,210,209.76,208.3,205,205.45,204.79,206.18,206.64,203.69,203.88,205.87,209.68,208.96,205.79,205.51,204.58,204.75,204.18,202.97,204.65,204.88,202.47,199.78,199.37,201,202.87,205,213.93,225.6,235,258.49,284.34,268.98,257.99,254.48,242,237.1,232.95,228.6,235,244,242.03,240.57,240.72,239.8,242.84,242.76,238.8
片仔癀,sh.600436,209,208.08,208.51,209.01,208.98,208.15,209,207.6,205.02,205.25,203.11,206.61,204.5,202,203.8,201,202.1,201.24,201.2,199.4,202.66,203.66,203.2,202.4,202.66,202,202.21,201.89,200.88,200.76,201.9,199.98,193.5,189.9,195.01,197.51,195.35,207.05,209.51,226.99,245.33,260,246.48,247,235.01,233.48,230.16,225.66,223.02,221.22,236.11,237,237.3,235.6,235.28,236.31,236.7,234
片仔癀,sh.600436,1498774,1622877,2184597,1364460,924172,1220866,819134,1009846,980751,715274,1426338,1087215,1314908,1402193,849713,1197308,1351266,1398232,875335,1254739,1172365,1801967,1281300,1063550,853900,816650,677067,946065,714700,947954,688750,1033791,1808148,1845941,1616410,1174083,2528787,3321460,3562065,3022748,6790003,9237658,6423522,4044260,4061488,3162113,2552954,2611369,2230915,4368046,4893989,2623516,2142896,1787085,1821777,2390762,2167704,1833483
通威股份,sh.600438,18.18,17.82,17.8,18.58,18.73,19,18.96,18.95,18.61,19.01,18.49,19.58,19.18,18.86,18.6,18.83,18.24,18.4,18.03,17.96,18,18.7,18.86,18.29,18.97,19.2,19.39,19.06,18.82,18.57,19.01,18.97,18.55,18.39,18.53,17.81,17.6,18.39,18.32,19.78,21.8,25.11,23.6,21.5,21.4,20.67,20.7,20.55,20.98,19.91,20.87,21.7,22.34,24.61,25.4,28.98,30.6,28.01
通威股份,sh.600438,17.89,17.85,18.27,18.83,19.07,18.95,18.67,18.67,18.57,18.87,19.8,19.18,18.93,18.61,18.75,18.24,18.32,18.19,18.02,18.04,18.83,19.01,18.21,19,19.2,19.37,19.11,18.96,18.69,19.01,18.89,18.6,18.31,18.56,17.81,17.43,18.18,18.34,19.44,20.76,22.83,24.38,21.94,21.53,20.63,20.92,20.85,20.77,20.03,20.43,21.65,22.32,24.55,25.15,27.67,28.8,29.31,28.88
通威股份,sh.600438,18.25,18.01,18.81,19.13,19.18,19.24,19.05,19.12,18.83,19.45,20.19,19.96,19.22,19.06,19.05,18.86,18.5,18.82,18.48,18.25,18.98,19.42,19.19,19.18,19.52,19.43,19.39,19.35,19.19,19.2,19.73,19,18.66,18.97,18.56,17.83,18.18,19.02,19.44,20.8,22.84,25.11,23.61,22.34,21.5,21.05,21.19,21,21.03,20.99,22.23,22.65,24.55,26.5,27.67,29.36,31.68,30.24
通威股份,sh.600438,17.85,17.77,17.77,18.55,18.63,18.82,18.63,18.61,18.38,18.5,18.4,19.15,18.82,18.4,18.43,18.21,18.08,18.08,17.77,17.85,17.86,18.57,18.2,18.06,18.93,19.01,19.07,18.85,18.61,18.52,18.88,18.56,18.29,18.18,17.58,17.39,17.39,18.33,18.21,19.7,21.45,23.21,21.94,21.06,20.3,20.5,20.46,20.36,20.01,19.7,20.75,21.11,22.15,24.55,25.4,28,29.25,28
通威股份,sh.600438,15665017,14773810,42182820,38607820,27209364,16980600,14177654,11323800,12287666,46901116,55834156,38311889,22611452,23763156,19232370,17487854,11693791,17626432,22070848,13725910,31528332,32639535,22402390,35925795,27105993,21429839,12308330,15441522,17296056,18076834,25602379,16872402,13116573,23918938,43078300,18416794,40388107,38283138,45214600,38746961,95192328,112901856,80226023,51476362,36494658,39369694,41690892,30661134,39511042,51409593,82089988,69391469,151190045,228853484,136690254,260042497,223698839,149517525
贵州茅台,sh.600519,1418,1373.6,1388.88,1422,1405.5,1411,1460.03,1430,1433,1423.01,1405.03,1426.79,1432,1429.9,1420,1416,1408,1417,1412,1404.07,1380,1413,1430,1398,1402,1400.5,1405,1380.01,1370.02,1375.6,1380,1331,1300,1262,1261.5,1268,1285.09,1400.05,1399.96,1600,1692,1910,1700,1622.26,1615.4,1613,1599,1540.88,1537,1493,1541.21,1526.56,1544.11,1561,1547,1560,1560,1525
贵州茅台,sh.600519,1386.16,1385.45,1410.01,1404.7,1415.5,1430.69,1436.8,1436.1,1423.01,1413.3,1426.89,1431.2,1425.44,1422.72,1417.58,1410.05,1414.99,1412,1404.07,1389,1413.3,1443.19,1395,1410,1400,1404.88,1398,1375,1378,1380,1335.06,1304.13,1266.9,1261,1263.92,1261.54,1372.6,1399,1529,1629.2,1748,1723,1595.15,1640,1604.99,1601.99,1554.25,1522.5,1494.6,1541,1528.8,1543,1567.5,1552.2,1558.85,1565,1531.62,1532
贵州茅台,sh.600519,1420,1396.97,1426,1424,1421.99,1448.18,1469,1443,1435,1424.9,1435.99,1435.92,1458.88,1429.93,1427.98,1420,1423.5,1423.86,1413,1406,1418,1458.07,1438,1414.98,1419.19,1407,1406,1393.71,1393,1385.88,1385,1332,1300.01,1292.88,1273.9,1293.5,1373,1427,1529.87,1629.2,1759.88,1910,1700,1668.08,1639.96,1620.63,1600.99,1549.8,1537.66,1567.84,1549.97,1560.18,1576.95,1575,1574.79,1565,1580,1551.19
贵州茅台,sh.600519,1384.7,1373.6,1385.52,1394.01,1398.3,1409,1436.8,1426.58,1412.01,1412.02,1403.95,1417.01,1425,1414,1415.69,1400.01,1406.12,1403.15,1401.11,1375,1380,1405,1395,1393.02,1399.74,1397,1398,1370.08,1370.02,1365,1334.91,1297.3,1266.66,1245.83,1250.03,1260.66,1265.09,1396.71,1396,1565.36,1652,1680.18,1590,1591,1590,1581.17,1553.01,1510,1493.41,1478.96,1521.21,1524.2,1532,1545.01,1546.01,1522.23,1530,1523.41
贵州茅台,sh.600519,3203810,2192769,3773607,2744433,2062221,2513082,3013849,1363203,1630843,1341431,2303897,1645470,2043279,1859138,1509165,1952729,1532046,1562841,1365740,3166351,2747161,3873923,3413459,1788760,1421109,1450295,1032104,2863755,1980284,2099577,4794831,5600511,4618531,5998821,3998184,4554969,10041281,7395380,9727806,8792167,15729341,19470947,12019684,7460342,4191471,4481202,4357143,4666440,3945955,6861930,4200790,3626913,4008846,2392280,2774508,3912140,4116578,3200574
海尔智家,sh.600690,27.18,26.55,26.26,26.04,25.49,25.38,25.4,25.48,25.8,25.32,24.86,24.18,24.18,23.96,23.6,23.5,24.08,25.05,24.58,24.23,23.75,23.42,24.65,24.25,25.18,25.36,25.19,25.05,24.26,24.18,25.18,24.78,25.28,26.15,26.88,27.29,28.02,28.29,28.44,30.39,30.48,35.37,32.99,31.4,32.07,31.57,32.3,31.02,30.98,30.24,31.13,31.2,32.17,31.44,31.25,30.8,30.58,30.48
海尔智家,sh.600690,26.8,26.4,25.93,25.48,25.5,25.38,25.42,25.79,25.38,24.94,24.92,24.24,23.91,23.74,23.52,24.07,24.73,24.83,24.08,23.86,23.62,24.73,24.42,25.18,25.31,25.25,25.05,24.32,24.28,25.1,24.9,25.28,26.11,26.96,27.23,27.48,27.7,28.44,29.8,30.1,32.15,33.12,31.14,32.07,31.45,32.18,31.49,30.8,30.28,31.13,31.16,32.17,31.57,31.25,30.82,30.58,30.53,29.9
海尔智家,sh.600690,27.61,27.12,26.99,26.2,25.97,25.66,25.87,26.1,26.19,25.35,25.19,24.29,24.65,23.98,23.72,24.12,25.08,25.14,24.79,24.72,23.92,25.33,25.15,25.2,25.53,25.65,25.68,25.05,24.62,25.4,25.4,25.66,26.42,27.1,27.39,28.16,28.1,29.23,29.89,30.69,32.5,35.37,32.99,32.65,32.3,32.5,32.81,31.37,31.5,31.72,31.8,33.17,32.45,31.58,31.45,30.98,31.1,31.1
海尔智家,sh.600690,26.8,26.2,25.89,25.28,25.19,25.03,25.4,25.31,25.11,24.65,24.66,23.9,23.65,23.55,23.22,23.23,24,24.5,24.04,23.69,23.3,23.1,24.05,24.22,24.93,24.93,25.01,23.96,24,23.96,24.78,24.69,25.16,25.91,26.7,27.22,26.8,28.18,28.27,29.3,29.95,32.31,30.4,31.13,31.02,31.16,31.42,30.37,30.2,30.05,30.66,31.2,31.41,30.96,30.8,30.4,30.4,29.52
海尔智家,sh.600690,41622005,36285715,38235749,32908933,23424673,19031720,23896305,27030263,27836273,24022989,26957540,25159823,32845679,27015749,30983450,28608737,51391195,29363703,27242893,36303653,33840780,72958604,36804245,44255715,42019908,32986795,20421811,38606622,28857320,41090991,23953036,35378298,40859422,55070839,47276597,36610817,49404932,55042986,42096594,40850431,92237160,113869169,72458263,66036982,33536782,50674528,41494058,49577989,38134486,44933527,31220824,45127931,36932926,19548468,23967789,31898912,27807952,45327905
山西汾酒,sh.600809,184.25,177,177.2,183.59,184.94,189.9,195.8,191.67,191.63,188.8,184.55,185.2,184,184,181.2,180.72,178.7,178,175.03,166.55,162,166,175,167.43,169.3,167.59,167.62,162.6,159.6,159.66,159.5,153,149.7,148.15,151.9,154.41,157.8,168.35,164.63,192,216.01,240.78,225,208.06,208.5,199.45,202,190,191.67,182.5,190.8,192.4,196,196,192.46,198.5,201.12,200.97
山西汾酒,sh.600809,178.23,177,183.42,185,191,194.9,193.5,191.29,188.88,185.55,185.31,183.8,184.03,182.17,180.81,178.67,177.78,175.71,175.74,165.6,166.6,176.83,167.44,169.65,167.59,168.2,163.99,159.91,159.65,159.9,154.15,150.2,147.79,153.14,154.23,154.48,165.05,164.45,180.9,198.99,218.89,230.8,207.72,209.35,199.36,202.15,192.81,190.5,184.19,191.03,193.14,196,199.02,192.75,195,204.47,203.34,197.1
山西汾酒,sh.600809,184.3,179.99,186.02,186.4,191.97,200.55,198.18,193.47,191.66,188.98,188.58,185.2,189.07,184,183.32,181.7,180.71,179.5,177.9,168,168.39,179.99,175,170.88,171.92,168.78,168.2,164.5,163.7,161,160.13,154.45,151.39,158.05,155,160.56,165.05,170.48,180.9,198.99,218.89,240.78,225,216.38,208.5,204.34,202,195.5,192,195.01,195.75,196.95,203,197.9,197.45,205,209.88,204.2
山西汾酒,sh.600809,177,176.03,176.39,182.01,183.38,189.3,192.5,189.62,187.45,183.4,184,181.75,183.56,180.71,180.7,177.3,176.87,174.3,172.19,158.18,161.25,164.46,167.44,167.06,167.47,166.3,163.8,159.57,158.82,157.15,154.11,149.7,147.3,147.01,151.14,154.41,154.23,163.89,164,190.01,208.02,219.4,207.72,203.31,196.56,193.7,192.35,189,183.9,181.37,189,191.3,194.18,192.28,191.5,194.23,201.12,195.6
山西汾酒,sh.600809,6623563,3543914,9016521,6294012,7818438,8102980,4814544,3454374,3345543,4767631,4344062,3408443,3874430,3685573,2892915,4229134,3155632,3683494,4251053,17357135,9353296,10624361,6913379,3734712,2960965,2896186,2502380,4323305,5036091,3436616,6820545,8197508,5763630,10940008,6348425,6465506,13230985,12227276,14603265,14390540,17966080,25087917,20098081,13962904,10349842,9538377,7144841,6278650,7287555,12052248,8565111,8171216,8464771,4864979,5125128,11295439,7452331,6304855
伊利股份,sh.600887,25,24.34,24.32,24.41,24.29,24.01,24.41,24.16,24.36,24.05,23.8,24,24,23.95,23.52,23.5,22.95,23.18,22.83,22.6,22.06,21.6,22.35,21.65,22.15,22.12,22.52,22.35,22.06,21.88,22.2,21.78,21.5,21.44,22,21.98,22.3,23.7,23.7,26.83,28.85,31.96,28.5,26.6,27.63,27.32,27.2,26.19,26.33,25.48,26.48,26.17,26.67,26.87,26.45,26.73,27.32,26.47
伊利股份,sh.600887,24.5,24.44,24.32,24.31,24.11,24.39,24.19,24.35,24.09,23.84,24.06,24.03,23.91,23.54,23.39,23.03,23.19,22.84,22.64,22.25,22.87,22.63,21.64,22.21,22.17,22.52,22.26,22.07,21.95,22.23,21.86,21.57,21.37,22.04,21.98,21.89,23.25,23.53,25.52,27.6,29.07,28.96,26.53,27.62,27.35,27.36,26.5,26.15,25.52,26.4,26.21,26.61,27.01,26.52,26.68,27.12,26.52,26.44
伊利股份,sh.600887,25.02,24.54,24.76,24.53,24.29,24.45,24.57,24.43,24.41,24.08,24.15,24.13,24.43,23.97,23.57,23.61,23.28,23.24,22.88,22.69,22.92,22.88,22.41,22.27,22.31,22.57,22.66,22.56,22.18,22.29,22.34,21.85,21.59,22.27,22.1,22.38,23.29,24.05,25.58,27.8,29.58,31.96,28.5,28.48,28.07,27.49,27.34,26.52,26.33,26.83,26.68,26.84,27.32,26.99,26.95,27.21,27.56,26.73
伊利股份,sh.600887,24.5,24.31,24.18,24.13,24.1,23.77,24.18,24.14,23.97,23.82,23.71,23.94,23.88,23.42,23.37,23,22.91,22.76,22.51,22.06,22.04,21.48,21.55,21.53,21.93,22.12,22.26,21.98,21.83,21.7,21.83,21.32,21.26,21.13,21.76,21.84,22.03,23.49,23.55,26.67,27.95,28.19,26.53,26.6,27,26.61,26.5,26.01,25.52,25.28,26.01,26.12,26.45,26.4,26.4,26.55,26.5,26.29
伊利股份,sh.600887,52104175,29161078,46573013,41716965,39983462,50649104,25485397,23595727,29540900,26429953,31640828,20641584,37065769,44751496,25367434,45231995,32922690,38736535,32885735,49599752,53097432,155260508,97330248,76037505,36187506,39570729,25958969,37311152,29810765,32473434,33996957,43529132,35434222,72852346,37687311,35847923,111473852,98951381,154543271,161521611,254117343,282099427,171097455,140625722,83716740,86451489,66305344,46436595,58959484,91164566,68712557,60718114,69159218,38722063,39039888,52172036,62025002,40693993
长江电力,sh.600900,29.65,30,30.09,29.9,29.37,29.75,29.71,29.56,29.28,29.29,29.54,29.82,29.59,29.76,29.66,29.7,30.27,29.91,29.76,29.79,29.84,29.25,29.03,29.65,29.11,29.16,29.1,29.23,29.31,29.15,27.7,27.86,28.25,28.37,28.18,28.15,28.43,28.92,29.04,29.23,28.83,32.01,28.98,28.6,29.2,29.22,29.3,28.8,28.73,28.32,28.36,27.96,28.08,28.06,28,27.54,27.54,27.72
长江电力,sh.600900,30.12,30.24,29.9,29.46,29.75,29.78,29.54,29.18,29.26,29.55,29.8,29.62,29.73,29.65,29.75,30.24,29.91,29.82,29.8,29.82,29.36,29.38,29.71,29.11,29.15,29.12,29.1,29.35,29.15,27.8,27.86,28.3,28.32,28.33,28.15,28.2,28.76,28.93,29.13,28.99,30.05,29.22,28.55,29.18,29.21,29.35,28.88,28.71,28.3,28.43,27.96,28.08,28.06,28,27.54,27.54,27.71,27.71
长江电力,sh.600900,30.34,30.32,30.2,30.09,30.05,30.01,29.79,29.71,29.38,29.85,29.97,29.88,29.86,29.84,29.79,30.3,30.32,30.05,29.9,30.1,29.87,29.58,29.81,29.79,29.34,29.28,29.48,29.43,29.49,29.15,28.06,28.5,28.74,28.43,28.32,28.43,28.88,29.64,29.13,29.23,30.5,32.28,29.39,29.83,29.75,29.55,29.39,29.32,28.79,28.67,28.36,28.36,28.33,28.13,28.08,27.54,28.03,27.89
长江电力,sh.600900,29.6,29.8,29.85,29.3,29.37,29.62,29.37,29.12,29.06,29.03,29.4,29.53,29.57,29.43,29.23,29.69,29.8,29.48,29.58,29.7,29.26,28.71,29.02,29.05,28.91,28.92,29.07,29.06,28.95,27.65,27.63,27.82,28.22,27.84,27.84,27.98,28.07,28.83,28.71,28.06,28.61,28.88,28.22,28.59,29,29.1,28.88,28.61,28.3,28.03,27.85,27.83,28,27.75,27.41,27.16,27.35,27.45
长江电力,sh.600900,68485869,57775048,63103071,93657365,67641078,46760473,59690063,51089121,46163028,67862636,59889587,50949931,42798248,46130402,47190994,77938021,54611188,49639581,35060495,49690215,67603577,89849336,73329606,66710788,40153496,37487408,40053763,63373236,58004957,143949737,66219139,80973210,52623623,69799705,82295178,47904951,106478651,118176242,114316343,188703666,396078494,462356540,266925415,262428403,142589633,144701436,117112841,127230016,112093819,149181606,139628417,104063225,90280066,78386191,150718465,117784905,131188363,101259892
中国移动,sh.600941,104.68,104.77,106.5,105.7,104.18,103.94,103.95,101.83,100,100.7,102.8,104.94,104.87,104.91,104.74,104.33,105.32,105.46,106.05,107.5,107.55,106.01,102.5,102.95,102.6,103.36,101.67,101.6,100.27,101.92,99.6,98.8,100.26,100.75,99.9,100.96,101.4,104.99,103.9,104.99,105.01,118.01,108.5,106.62,108,107.94,110.5,107.13,107.77,105.62,107.11,105.43,104.38,103.79,102.01,101.88,102.37,101.91
中国移动,sh.600941,105.02,106.59,105.43,104.49,103.94,103.94,102,100.14,100.7,102.96,104.94,104.86,104.9,105.15,104.5,105.55,105.56,106.05,107.67,107.7,106.4,104.99,102.9,103.19,102.78,101.66,101.9,100.26,101.92,99.42,98.86,100.25,100.71,99.92,101.4,101.05,104.19,103.9,104.93,104.29,109.7,110.14,106.62,108.8,108.57,110.8,107.64,107.09,105.64,107.1,106.3,104.38,104.35,102.22,101.93,102.29,102.2,102.18
中国移动,sh.600941,105.95,107.1,107.5,105.8,105.4,104.6,104.16,101.95,100.98,103.7,104.94,105.44,105.29,105.79,105.16,105.58,106.46,106.49,108.2,108.02,107.85,106.49,103.37,103.48,103.39,103.5,102.5,102.49,102.35,102.18,99.78,100.7,101.41,100.84,101.45,101.7,104.9,108,105,105.3,111.8,119,110,111.5,110,111.7,110.68,108.31,107.9,108.17,107.13,105.56,105,103.79,102.58,102.33,102.68,102.45
中国移动,sh.600941,104.61,104.75,105.18,102.66,103.7,103.41,100.73,99.88,100,100.44,102.7,104.42,104.3,104.38,103.4,104.2,104.75,104.81,105.74,106.5,105.64,103.89,101.5,101.85,102.18,101,101.45,100.01,100.2,99.22,98.1,98.78,100.26,99.66,98.96,100.86,100.88,103.56,103.31,101.37,103.61,106.71,105.7,106.58,106.9,107.94,107.58,106.47,105.46,105.07,105.38,103.8,103.88,101.65,101.33,101.4,101,101.62
中国移动,sh.600941,8011681,9036716,7155356,10776283,6613681,5644377,16414520,11713589,7146722,12166873,9275754,5472447,5328036,6364707,5123632,6312452,6841369,6008757,9200980,5940583,7366557,13134399,6908835,7348128,5486895,7426604,6026542,7497566,6995548,9615901,6518768,7782451,5039200,6878554,6413727,5394560,11769792,12272228,11274690,27837739,49796181,45017988,25177754,25762477,18020089,18497871,13333402,8398258,10014954,12989301,15625260,21340815,12212175,20944594,16123408,11623270,16492850,9243335
隆基绿能,sh.601012,14.48,14.31,14.18,14.35,14.4,14.2,14.2,14.05,13.85,14.02,13.75,14.06,13.71,13.55,13.25,13.25,12.86,12.92,13.02,13,13.1,13.42,13.66,13.19,13.46,13.66,13.76,13.44,13.3,13.03,13.33,13.43,13.13,13.04,13.29,12.77,12.98,13.8,13.67,14.8,16.9,19.32,18.6,17.03,16.7,16.35,16.48,16.05,15.95,15.55,16.58,17.3,18.38,19.7,18.6,20.88,20.5,19
隆基绿能,sh.601012,14.37,14.22,14.09,14.45,14.23,14.15,13.81,13.93,14.01,13.82,14.07,13.72,13.48,13.3,13.22,12.88,12.9,12.99,13.23,13.14,13.56,13.81,13.19,13.51,13.67,13.76,13.53,13.31,13.13,13.36,13.43,13.14,12.96,13.32,12.8,12.73,13.59,13.74,14.56,15.96,17.56,19.28,17.35,16.95,16.2,16.75,16.3,15.93,15.61,16.45,17.51,18.38,19.58,18.6,20.46,20.08,19.24,19.25
隆基绿能,sh.601012,14.57,14.54,14.88,14.68,14.4,14.35,14.26,14.23,14.18,14.3,14.24,14.1,13.71,13.58,13.41,13.32,13.01,13.23,13.56,13.33,13.76,14.03,13.86,13.62,13.9,14.04,13.76,13.59,13.37,13.45,13.92,13.56,13.19,13.51,13.29,12.87,13.6,14.1,14.57,16,17.56,19.32,18.6,17.68,16.82,16.92,16.79,16.2,16.1,16.54,18,18.78,20.22,19.73,20.46,20.88,21.15,19.85
隆基绿能,sh.601012,14.28,14.18,14.07,14.25,14.12,14.06,13.81,13.86,13.67,13.81,13.65,13.7,13.47,13.25,13.21,12.84,12.79,12.91,12.7,12.8,13.05,13.36,13.19,13.1,13.44,13.66,13.48,13.25,13.03,13.03,13.29,13.14,12.87,12.85,12.71,12.71,12.85,13.71,13.65,14.79,16.51,18.01,17.35,16.58,15.99,16.13,16.3,15.81,15.59,15.45,16.58,16.91,17.94,18.54,18.59,19.63,19.16,18.85
隆基绿能,sh.601012,68484842,68235196,137818031,118874157,80946235,63903153,74800994,66517081,68789846,53696263,87214414,68626908,54337660,49785582,40856629,62854835,38021931,52978050,118238712,88004042,125203217,147359160,103147438,83896692,96883427,91287801,45070111,56056204,57679299,74278751,108466838,52844146,55884229,84957323,133902626,55858362,230834270,173952523,178539557,201126291,395953400,491217898,333385539,202509769,160525512,169800138,118726288,112272848,108221616,181629574,298251162,341557297,495626116,282227937,480935416,425165388,364336232,206869055
中国神华,sh.601088,39.99,39.2,38.85,38.51,38.15,39,38.8,38.82,39.3,39,39,40.19,40.53,40.36,39.84,39.77,39.81,40.35,40.34,41.53,41.38,40.51,40.51,41.08,40,39.63,38.7,38,37.2,37.2,36.93,37.5,37.62,38.44,37.95,38.33,39.7,42,42,43.51,42.32,47.1,41.92,40.5,43.15,42.4,42.64,41.68,41.58,41.05,41.92,41.33,41.38,41.05,41.29,41.34,41.03,40.88
中国神华,sh.601088,39.41,39.11,38.47,38.15,38.88,38.89,39.05,39.3,39.08,39.13,40.19,40.53,40.35,39.69,39.77,39.93,40.28,40.35,41.7,41.41,40.75,40.55,41.08,40.18,39.66,38.72,38.04,37.22,37.49,36.74,37.61,37.85,38.24,38,38.5,39.1,41.18,41.78,42.73,41.81,43.6,42.44,40.35,42.95,42.6,42.67,41.81,41.53,40.99,41.98,41.32,41.44,41.05,41.29,40.93,41.1,40.98,40.44
中国神华,sh.601088,40.32,39.29,38.86,38.7,39.39,39.48,39.3,39.65,39.72,39.4,40.38,40.64,41.21,40.45,40.08,40.07,40.99,40.55,41.79,42.18,41.5,41.03,41.49,41.75,40.2,40.06,39.03,38.04,38.23,37.28,37.83,38.19,38.8,38.44,38.68,39.49,41.19,42.9,42.77,43.51,44.97,47.5,42.53,43.76,44.05,43.55,42.98,42.13,42.47,42.4,42.45,41.67,41.64,41.46,41.37,42,41.37,41.22
中国神华,sh.601088,39.26,38.51,38.23,37.89,38.01,38.86,38.5,38.63,38.82,38.53,38.95,40.07,40.26,39.44,39.1,39.51,39.76,39.81,40.15,41.05,40.46,39.77,40.08,39.8,39.55,38.61,38.03,36.62,37.17,35.95,36.59,37.5,37.62,37.05,37.83,38.21,39.25,41.39,41.53,41.5,41.2,40.77,40.32,40.5,42,41.92,41.81,41.27,40.97,40.86,41.1,41.04,40.88,40.76,40.81,40.86,40.59,40.11
中国神华,sh.601088,21150777,16902448,22031849,19075806,21032000,14563020,11124510,13093996,12193738,8949140,23436598,13713993,13625257,14046750,12976628,10675390,13291150,11988715,21791457,15814204,12686400,21526502,21124388,19006283,13262800,25277785,16940537,26253998,18615520,24270652,24260306,14576499,13342930,23297289,21632796,16307843,34169835,29689657,28172620,24452686,95933756,118468401,58165757,75539975,51444614,34966984,26721364,21012405,21766350,36328052,34904069,25286520,29019434,22810370,19106601,35549328,27675361,24195808
兴业银行,sh.601166,16.72,16.6,16.5,16.45,16.21,16.34,16.45,16.34,16.29,16.32,16.28,16.63,16.75,16.98,16.8,16.79,16.91,17.33,17.48,17.39,17.25,16.69,16.53,16.5,16.33,16.25,16.31,16.39,16,16.03,15.83,16.08,15.97,16.1,16.07,16.22,16.67,17.46,17.6,18.8,18.9,21,19.91,18.91,19.31,19.27,19.63,19.2,19.96,19.62,19.57,19.13,19.13,19.1,19.23,19.07,19.03,18.91
兴业银行,sh.601166,16.64,16.52,16.38,16.21,16.32,16.44,16.37,16.28,16.32,16.28,16.59,16.72,16.95,16.84,16.77,16.82,17.32,17.48,17.33,17.21,16.69,16.51,16.5,16.36,16.24,16.3,16.39,15.97,16.07,15.8,16.03,15.97,16.07,16.05,16.25,16.56,17.18,17.6,18.45,18.34,19.27,20.01,18.61,19.4,19,19.66,19.35,19.96,19.57,19.6,19.23,19.14,19.16,19.17,19.14,19.02,19.01,18.77
兴业银行,sh.601166,16.83,16.66,16.61,16.53,16.45,16.47,16.56,16.4,16.37,16.45,16.64,16.78,16.97,17,16.87,16.9,17.34,17.5,17.55,17.4,17.27,16.87,16.72,16.57,16.49,16.35,16.6,16.53,16.1,16.04,16.1,16.18,16.1,16.12,16.3,16.62,17.18,17.87,18.45,18.9,19.41,21.05,19.94,19.78,19.7,19.96,19.95,20.05,20.18,19.79,19.57,19.4,19.24,19.27,19.28,19.13,19.32,19.12
兴业银行,sh.601166,16.56,16.48,16.37,16.14,16.21,16.3,16.34,16.28,16.24,16.27,16.25,16.6,16.72,16.78,16.58,16.73,16.88,17.31,17.29,17.13,16.68,16.51,16.42,16.16,16.2,16.17,16.31,15.95,15.83,15.68,15.7,15.95,15.88,15.86,16.06,16.16,16.6,17.36,17.58,18.03,18.52,19.38,18.61,18.91,18.81,19.27,19.35,19.18,19.56,19.2,18.97,19.06,19.01,19.07,19.01,18.72,18.91,18.7
兴业银行,sh.601166,41422057,34812573,48802816,47418652,35849937,23281702,28531007,21128834,22772035,23169682,48362059,35942419,39325857,38660448,42423574,44072102,110631674,66940042,39653142,48067883,72338996,83875741,53639885,57995988,44265190,41701412,40464731,65316266,40567186,49804042,38230974,28244783,29541358,36611352,57809673,42725218,106835999,127403031,167933653,85845071,241447698,244635658,167842499,157000346,100090475,143521517,89155043,133009819,83672605,94869664,115211841,57367154,53144532,37201807,47442664,64052383,60365743,58063270
陕西煤业,sh.601225,23.57,23.03,23.3,23.41,22.58,23.12,22.72,22.41,23.17,23.09,23.05,23.86,24.2,24.38,23.7,23.56,23.45,23.65,23.54,23.95,23.99,24.23,24.6,24.75,24.45,24.47,22.9,22.52,22.22,22.72,22.12,22.17,22.26,23.25,23,23.56,24.42,25.87,25.82,27.26,27.25,29.33,26.04,25.06,25.77,25.5,25.79,24.88,25.24,24.97,25.15,24.97,25.07,24.91,25.25,25,25.24,24.9
陕西煤业,sh.601225,23.16,23.37,23.13,22.64,23.01,22.6,22.61,23.09,23.15,23.03,23.82,24.25,24.3,23.68,23.56,23.52,23.65,23.63,24.02,23.91,23.9,24.66,24.8,24.62,24.42,24.07,22.8,22.23,22.64,22.03,22.17,22.27,23.25,23.04,23.49,23.95,25.35,25.42,26.73,26.7,27.58,26.16,24.68,25.58,25.4,25.85,25.01,25.03,24.97,25.16,25,25.33,25.08,25.11,25,25.25,25,24.72
陕西煤业,sh.601225,23.95,23.42,23.55,23.41,23.34,23.13,22.76,23.3,23.25,23.25,23.98,24.38,24.66,24.38,23.82,23.68,24.08,23.79,24.14,24.24,24.01,25.09,25.05,25.16,24.58,24.87,23.54,22.68,22.89,22.72,22.3,22.69,23.34,23.3,23.61,24.1,25.35,26.5,26.77,27.54,28.11,29.87,26.58,26.25,26.26,26.36,25.83,25.4,25.84,25.44,25.35,25.53,25.17,25.18,25.26,25.25,25.35,25.27
陕西煤业,sh.601225,23.14,22.77,23,22.41,22.4,22.58,22.29,22.34,22.73,22.83,22.97,23.77,24,23.5,23.07,23.1,23.37,23.25,23.38,23.68,23.63,23.81,24.38,24.16,24.01,23.98,22.66,21.81,22.21,21.6,21.8,22.13,22.2,22.75,22.98,23.43,24.1,25.2,25.35,25.76,25.99,25.77,24.61,24.68,25.1,24.87,25.01,24.76,24.96,24.78,24.8,24.81,24.64,24.83,24.86,24.81,24.73,24.33
陕西煤业,sh.601225,21207850,21655428,23325736,26037500,24716819,17284599,21638794,17167749,11731500,10618536,24187799,20296993,15606800,22284162,18089765,17754315,15575626,18039572,20877171,17189097,10388969,34996664,21050858,18557785,13320095,17645045,41957493,42993806,21531210,32094555,16692559,18108831,22014597,19668460,22418801,17353872,35645184,42976781,36155282,19365946,121488817,133072651,85580369,80128396,45855271,47836019,31217144,27784918,25425516,39920534,47694728,29343805,37489493,31571868,30253330,37261444,31147326,40483287
农业银行,sh.601288,4.57,4.62,4.65,4.63,4.57,4.56,4.57,4.61,4.64,4.65,4.66,4.69,4.76,4.89,4.9,4.86,4.91,4.91,4.92,4.98,4.93,4.67,4.53,4.68,4.45,4.52,4.51,4.5,4.52,4.6,4.45,4.48,4.45,4.5,4.5,4.53,4.65,4.87,4.84,4.92,4.69,5.02,4.72,4.69,4.82,4.9,5.01,4.92,5.02,4.99,4.93,4.84,4.85,4.85,4.87,4.8,4.75,4.78
农业银行,sh.601288,4.63,4.65,4.63,4.57,4.55,4.57,4.61,4.64,4.66,4.66,4.68,4.76,4.89,4.92,4.87,4.91,4.92,4.92,4.98,4.94,4.71,4.52,4.69,4.48,4.52,4.5,4.51,4.52,4.6,4.46,4.48,4.44,4.5,4.5,4.54,4.62,4.8,4.84,4.89,4.7,4.8,4.76,4.67,4.82,4.83,5.03,4.92,5.02,4.98,4.96,4.84,4.86,4.85,4.87,4.82,4.76,4.79,4.71
农业银行,sh.601288,4.66,4.67,4.68,4.65,4.61,4.58,4.62,4.67,4.7,4.69,4.69,4.76,4.9,4.94,4.91,4.94,4.93,4.93,5,5.01,4.95,4.72,4.71,4.68,4.58,4.56,4.57,4.54,4.65,4.61,4.5,4.51,4.5,4.54,4.55,4.63,4.8,4.97,4.9,4.93,4.9,5.17,4.8,4.9,4.94,5.06,5.05,5.04,5.05,5.01,4.93,4.89,4.87,4.9,4.88,4.81,4.8,4.8
农业银行,sh.601288,4.51,4.59,4.59,4.54,4.54,4.54,4.55,4.59,4.62,4.64,4.64,4.68,4.74,4.86,4.8,4.85,4.83,4.86,4.91,4.91,4.7,4.5,4.51,4.44,4.44,4.47,4.5,4.44,4.51,4.44,4.38,4.4,4.44,4.44,4.49,4.52,4.63,4.76,4.8,4.67,4.56,4.71,4.65,4.68,4.78,4.88,4.92,4.9,4.98,4.86,4.81,4.81,4.83,4.83,4.8,4.72,4.74,4.71
农业银行,sh.601288,432391153,320365703,411757396,356759089,257200532,193205630,238618616,261855600,293070061,220046871,279748151,373228603,416477384,415826992,391082286,402336003,345371159,273402350,381702624,357092958,646856979,888808394,683283521,700503025,492974830,345648125,282334697,352387584,391287451,458307211,366433223,332610579,283111784,385250181,432598866,314067992,596147576,610847482,547069487,825882040,1767690237,1654129811,1039787124,1079928263,726585464,956934793,597249678,558952197,423090837,699459832,718684413,495719764,379048777,328284083,382415051,546379124,428848378,386774559
中国平安,sh.601318,42.42,42.23,41.7,42.37,40.92,40.75,40.99,40.53,40.62,40.81,40.51,41.32,41.61,42.15,41.98,41.96,42.04,43.46,43.28,43.24,43.18,42.71,43.88,43.61,43.22,42.63,43.42,43.08,42.75,42.64,42.73,42.56,43,43.72,43.98,44.13,44.6,47.6,47.59,51.9,54.48,62.8,60,56.63,57.8,58.39,58.58,56.78,57.9,56.08,57.4,56.8,57.2,57.9,58.01,57.78,57.5,57.49
中国平安,sh.601318,42.51,41.82,42,40.9,40.7,40.82,40.61,40.62,40.78,40.49,41.32,41.61,42.07,41.92,41.97,41.71,43.35,43.35,43.15,43.19,42.62,44.03,43.45,43.21,42.64,43.42,43.25,42.68,42.66,42.52,42.6,42.89,43.7,44.03,44.15,44.09,46.5,47.36,50.42,51.9,57.09,61.73,55.7,58.5,57.54,58.67,57.19,57.38,57,57.18,56.9,57.06,58.31,58.1,57.7,57.5,57.63,55.97
中国平安,sh.601318,42.85,42.41,42.54,42.48,41.11,41.15,41.24,40.73,40.81,40.94,41.67,41.75,42.17,42.17,42.08,42.25,43.46,43.64,43.55,43.38,43.56,44.53,44.17,43.62,43.64,43.51,43.98,43.25,43.05,42.92,42.77,43.4,43.79,44.1,44.29,44.4,46.5,48.2,50.44,52.16,57.09,62.8,60,60.59,59.86,59.24,59.28,57.83,58.8,58.35,57.47,58.2,59.3,58.48,58.48,58.06,58.46,57.91
中国平安,sh.601318,42.26,41.7,41.69,40.64,40.68,40.41,40.61,40.31,40.51,40.49,40.22,41.25,41.59,41.7,41.41,41.64,41.93,43.05,42.96,42.93,42.46,42.71,43.45,43.08,42.45,42.61,43.16,42.55,42.29,42.37,41.82,42.5,42.93,43.32,43.74,43.86,44.47,47.25,47.2,50.7,54.4,59.1,55.65,56.31,57.03,57.55,57.09,56.61,56.97,54.75,56.18,56.58,56.9,57.63,57.56,57.08,57.44,55.68
中国平安,sh.601318,32514038,33137257,43050914,63434323,29978095,23643241,26178496,15219904,16650599,20650428,53416705,26957357,28791203,29376286,23617412,30497656,99423443,47580560,33964677,34839474,47694548,110000601,51317124,36821975,40994906,46651108,39025775,40172454,29365589,27407424,41083853,34439648,43263824,46650032,53292373,29524048,120899198,138298492,163765259,139487740,262125405,396104253,285509557,222672969,131212381,117773767,102790028,85501630,78357477,149466236,87531258,84601119,119192651,51273005,53944541,57880987,62010028,90747926
交通银行,sh.601328,7.33,7.4,7.45,7.4,7.3,7.33,7.28,7.31,7.37,7.47,7.53,7.61,7.71,7.93,7.94,7.97,8,7.96,7.97,8.03,7.9,7.52,7.05,7.06,6.84,6.83,6.8,6.79,6.72,6.71,6.52,6.55,6.49,6.57,6.54,6.58,6.73,7.21,7.24,7.62,7.24,7.81,7.32,7.15,7.4,7.42,7.52,7.37,7.6,7.52,7.47,7.35,7.37,7.33,7.37,7.3,7.27,7.25
交通银行,sh.601328,7.4,7.42,7.37,7.3,7.31,7.29,7.32,7.37,7.45,7.53,7.6,7.73,7.92,7.96,7.96,7.99,7.98,7.95,8.03,7.94,7.56,7.11,7.06,6.88,6.81,6.8,6.8,6.73,6.74,6.54,6.55,6.48,6.55,6.55,6.59,6.68,7.13,7.21,7.51,7.24,7.4,7.35,7.05,7.4,7.37,7.53,7.37,7.61,7.5,7.48,7.33,7.37,7.33,7.34,7.32,7.26,7.23,7.21
交通银行,sh.601328,7.5,7.5,7.46,7.44,7.41,7.34,7.34,7.38,7.52,7.54,7.64,7.74,7.94,7.98,7.99,8.04,8.02,8,8.05,8.06,7.9,7.57,7.14,7.07,6.92,6.85,6.92,6.82,6.77,6.73,6.61,6.61,6.57,6.6,6.63,6.72,7.14,7.38,7.51,7.68,7.55,8.05,7.39,7.48,7.54,7.68,7.59,7.64,7.67,7.57,7.47,7.42,7.4,7.4,7.38,7.31,7.34,7.3
交通银行,sh.601328,7.21,7.34,7.35,7.26,7.28,7.28,7.23,7.29,7.36,7.44,7.52,7.6,7.68,7.85,7.84,7.95,7.88,7.88,7.95,7.9,7.55,7.1,6.96,6.78,6.76,6.7,6.79,6.7,6.66,6.51,6.42,6.46,6.48,6.48,6.53,6.54,6.7,7.1,7.14,7.18,7.06,7.25,7.05,7.11,7.3,7.42,7.37,7.36,7.5,7.32,7.27,7.32,7.32,7.31,7.28,7.22,7.22,7.16
交通银行,sh.601328,120260758,97924349,117452792,114486374,100928583,57051631,62428827,56792108,95410433,87050537,113852404,107701896,121365542,110832700,89925231,117718674,94328545,71534368,110185658,105109039,180993426,359300128,223552101,215352880,143356690,147626261,125643456,132289798,128812565,163610236,142845235,124378224,96887946,112367068,140099197,115546665,256294775,232397916,207398502,212840388,492619373,563854440,332238130,320901005,216499724,251492675,181905630,198126933,129256636,185281266,176035658,100609762,112637500,74986018,87550287,78545237,116704369,115209422
中国中铁,sh.601390,6.22,6.25,6.22,6.18,6.1,6.03,6.02,6,5.94,5.96,5.93,6,6.03,6.14,6.07,6.04,6.1,6.09,6.12,6.03,5.88,5.72,5.7,5.47,5.37,5.27,5.3,5.24,5.17,5.12,5.09,5.09,5.02,5.06,5.13,5.16,5.22,5.46,5.57,5.99,6.24,7.23,6.77,6.3,6.86,6.68,6.62,6.48,6.58,6.42,6.62,6.65,6.64,6.65,6.57,6.51,6.56,6.45
中国中铁,sh.601390,6.28,6.23,6.15,6.1,6.06,6.01,6.01,5.93,5.96,5.93,6,6.02,6.12,6.07,6.03,6.08,6.07,6.11,6.05,5.88,5.73,5.76,5.47,5.39,5.26,5.29,5.25,5.16,5.14,5.09,5.08,5.02,5.04,5.13,5.18,5.18,5.37,5.64,5.94,6.06,6.57,6.86,6.24,6.86,6.59,6.71,6.53,6.58,6.44,6.57,6.68,6.64,6.7,6.57,6.56,6.55,6.46,6.39
中国中铁,sh.601390,6.35,6.28,6.31,6.22,6.16,6.06,6.07,6,5.97,5.99,6.02,6.04,6.15,6.17,6.07,6.1,6.12,6.12,6.13,6.08,5.88,5.82,5.71,5.48,5.38,5.31,5.33,5.24,5.19,5.13,5.13,5.12,5.06,5.17,5.18,5.23,5.38,5.77,5.94,6.1,6.64,7.23,6.77,6.86,6.86,6.89,6.8,6.68,6.68,6.67,6.7,6.68,6.83,6.67,6.61,6.58,6.58,6.53
中国中铁,sh.601390,6.21,6.22,6.14,6.05,6.05,5.97,6.01,5.92,5.91,5.92,5.88,5.98,6.02,6.04,5.98,6.03,6.04,6.06,6.01,5.87,5.72,5.68,5.47,5.35,5.25,5.23,5.25,5.13,5.07,5.06,5.08,5.02,4.95,5.02,5.08,5.14,5.2,5.46,5.55,5.9,6.15,6.64,6.23,6.3,6.55,6.6,6.5,6.48,6.43,6.31,6.5,6.58,6.63,6.52,6.53,6.41,6.45,6.36
中国中铁,sh.601390,92945537,54871404,77522473,80997275,67502783,57767332,52712190,56760906,42505373,38423961,68715357,53172570,95101124,62661480,62711142,67965583,41241103,42619923,41409952,71007108,98474219,82097172,139174176,98760396,93320251,71814063,53877767,77433585,70242023,56404429,58160881,62183450,54414993,76191979,71961337,46481027,118124018,210624381,180109590,161929462,336823597,424408799,288633372,434511414,360114089,282406982,181673702,149702353,139863799,180171307,178982138,91347108,161807495,91349906,79900547,104160306,82389204,86043733
工商银行,sh.601398,5.83,5.85,5.88,5.88,5.82,5.83,5.87,5.92,5.99,5.98,6.02,6.05,6.14,6.26,6.35,6.29,6.42,6.44,6.42,6.53,6.48,6.18,5.9,5.93,5.72,5.7,5.63,5.63,5.61,5.66,5.51,5.54,5.57,5.69,5.66,5.66,5.75,6.09,6.04,6.25,6.01,6.5,6.06,6.05,6.25,6.32,6.43,6.23,6.35,6.29,6.29,6.17,6.14,6.13,6.15,6.11,6.07,6.05
工商银行,sh.601398,5.88,5.88,5.87,5.8,5.82,5.87,5.92,5.99,6,6.02,6.05,6.14,6.27,6.39,6.3,6.42,6.46,6.43,6.53,6.49,6.22,5.98,5.94,5.76,5.71,5.63,5.64,5.61,5.67,5.54,5.54,5.56,5.68,5.65,5.67,5.72,6,6.04,6.2,6.01,6.18,6.12,6.04,6.27,6.27,6.47,6.26,6.36,6.29,6.32,6.16,6.14,6.14,6.16,6.12,6.07,6.06,6.01
工商银行,sh.601398,5.91,5.92,5.95,5.89,5.88,5.88,5.93,6.02,6.08,6.04,6.06,6.15,6.29,6.4,6.36,6.44,6.48,6.47,6.55,6.57,6.49,6.24,6,5.95,5.78,5.73,5.73,5.65,5.72,5.67,5.56,5.58,5.68,5.71,5.69,5.74,6,6.22,6.21,6.34,6.31,6.66,6.17,6.4,6.39,6.5,6.45,6.4,6.4,6.36,6.29,6.21,6.16,6.2,6.17,6.11,6.11,6.08
工商银行,sh.601398,5.73,5.83,5.83,5.78,5.8,5.81,5.84,5.91,5.93,5.97,6,6.03,6.1,6.25,6.25,6.29,6.35,6.35,6.41,6.44,6.2,5.96,5.88,5.68,5.66,5.6,5.62,5.51,5.6,5.5,5.45,5.52,5.57,5.58,5.62,5.62,5.73,5.97,6,5.92,5.83,6.04,5.98,6.04,6.2,6.32,6.26,6.22,6.29,6.21,6.14,6.11,6.11,6.12,6.1,6.03,6.05,6
工商银行,sh.601398,373139397,281415849,319544631,275470037,227015219,187175943,185078805,225847836,240418694,188044815,206740074,270194042,338863514,399597420,331588320,350230155,265657420,267311089,323249644,314722513,557314746,880782347,568240173,648640129,392331435,383530775,290696812,282126704,368343232,359763384,286853563,234048696,246839404,280996806,282832321,227037687,605204899,629820829,521674373,687209271,1616174183,1688226172,1009071781,1091528147,529952828,789921118,492769157,414614580,328081317,514452181,568464907,431271479,306854479,288789477,284528999,329536371,293860704,305412004
中国太保,sh.601601,29.53,29.35,28.75,29.31,27.45,27.08,27.35,27.2,27.45,27.7,27.5,27.52,27.84,28.57,28.49,28.03,27.92,28.68,28.87,29.05,28.55,28.7,29.65,29.61,29.8,29.46,30.25,30.76,30.04,29.76,30,29.42,29.72,30.4,30.3,30.23,31,33.49,32.68,35.4,37.15,43.01,39.99,36.68,37.19,37.7,38.16,37.71,37.45,37,38.05,38.2,38.5,39.12,38.99,38.55,38.51,38.49
中国太保,sh.601601,29.54,28.82,29.12,27.45,27.07,27.06,27.33,27.39,27.59,27.64,27.61,27.83,28.6,28.5,27.99,27.86,28.7,28.92,28.91,28.64,27.75,29.64,29.8,29.55,29.46,30.25,30.99,30.06,29.88,29.8,29.42,29.65,30.45,30.47,30.28,30.71,32.77,32.48,34.68,35.77,39.1,40.76,36.68,37.84,37.24,38.32,37.45,37.01,37.16,38,38.15,38.59,39.56,39,38.66,38.42,38.63,37.19
中国太保,sh.601601,29.97,29.63,29.5,29.37,27.74,27.49,27.68,27.47,27.72,27.94,28.5,28.32,28.61,28.65,28.55,28.22,28.76,29.06,29.01,29.1,28.98,30.16,30.12,29.82,30.12,30.35,31.41,30.94,30.18,30.07,30.06,29.99,30.59,30.69,30.55,30.92,32.82,33.93,34.69,35.8,39.35,43.01,39.99,39.24,38.19,38.85,39.07,38.16,38.36,38.99,38.95,39.25,40.29,39.12,39.28,38.8,39.28,38.96
中国太保,sh.601601,29.01,28.69,28.61,27.15,26.98,26.83,26.93,27.06,27.32,27.4,27.43,27.51,27.77,28.21,27.68,27.72,27.8,28.48,28.62,28.51,27.7,28.66,29.48,29.4,29.33,29.46,30.12,29.84,29.65,29.6,29.23,29.33,29.56,30.11,29.96,30.1,30.66,32.26,32.28,34.69,35.92,38.8,36.68,35.87,36.79,37.05,37.35,36.48,37.14,36.41,37.6,37.98,38.15,38.39,38.44,38.05,38.38,36.96
中国太保,sh.601601,21516432,20698500,27315606,47384832,26933085,15312648,15483628,9648358,12278470,12305455,25099100,21686511,23138239,15266219,20052084,15013551,29656208,19328602,15940071,16777108,26787709,74268888,41635464,24653421,24594962,32777338,39854009,42416196,23568055,18641840,24528718,17268323,28203272,27691701,25827038,19957713,67544568,65791984,69885765,33907446,114938389,136081814,110272490,104163500,49528299,51392649,44207467,59746091,34355178,56707536,40622087,40864681,44952431,28762100,24821400,26574568,28940347,43010269
中国人寿,sh.601628,31.98,32.08,31.5,32.23,30.32,29.64,29.67,29.32,29.6,29.73,29.35,30.16,30.6,31.4,31.18,31.22,31.41,32.15,32.27,32.7,32.6,32.37,33.4,34.16,34.5,33.62,34.1,33.83,33.88,33.8,33.79,33.84,34.15,35.01,34.9,35,35.7,37.57,37.97,39.59,41.15,48.4,46.03,43.28,42.6,43.9,43.25,42.3,44.55,42.64,43.78,43.76,43.43,44.38,44.5,43.9,43.14,43.5
中国人寿,sh.601628,32.23,31.73,32.32,30.36,29.63,29.56,29.36,29.49,29.68,29.44,30.2,30.68,31.39,31.27,31.19,31.39,32.06,32.45,32.8,32.6,32.5,33.38,34.17,34.21,33.79,34.11,34,33.75,33.79,33.65,33.84,34.08,35.12,34.99,34.99,35.53,36.8,38.1,39.23,40,44,48.4,43.56,43.95,42.7,44.01,42.69,42.94,42.75,43.67,43.76,43.7,45,44.3,43.96,43.32,43.38,42.38
中国人寿,sh.601628,32.45,32.3,32.73,32.48,30.32,29.73,29.84,29.5,29.74,29.79,30.3,30.71,31.42,31.4,31.39,31.65,32.25,32.49,32.88,33.02,33.38,33.74,34.5,34.48,34.83,34.27,34.56,34.29,33.98,34.06,34.03,34.45,35.4,35.06,35.24,35.68,36.86,38.3,39.27,40.23,44,48.4,47.9,45.38,43.77,44.12,44.3,43.38,44.99,45,44.85,44.95,45.72,44.67,44.87,43.98,43.98,43.84
中国人寿,sh.601628,31.7,31.65,31.5,30.1,29.57,29.18,29.36,28.96,29.34,29.37,29.26,30.04,30.5,30.98,30.87,31.13,31.3,31.9,32.26,32.46,32.47,32.37,33.37,33.82,33.55,33.61,33.84,33.66,33.35,33.45,33.49,33.81,34.12,34.48,34.54,34.66,35.5,37,37.75,39.2,41.15,47.02,43.56,41.08,41.99,42.37,42.68,42,42.7,41.84,43.18,43.3,43.35,43.89,43.8,42.86,42.95,41.99
中国人寿,sh.601628,9942717,6244311,14793460,21303879,16314917,8606460,6246611,7573248,6342200,4658287,12705258,10141704,9596825,7781157,4965355,7503851,10425092,10540511,10884845,10462697,12188500,17226184,18984135,10453096,10210972,7856815,6022925,7762003,7032284,8477718,7265399,8257559,13025842,11294022,11016790,9488512,17095309,21355256,24976560,10457925,29689809,36751314,51261973,40033767,17806817,21925968,13768644,11880711,16142759,25050649,21569832,13264935,21026120,12629273,12792651,12244976,12005116,13944915
长城汽车,sh.601633,23.62,23.15,22.8,22.6,22.3,22.41,22.38,22.3,22.22,22.29,22.07,22.32,22.46,22.57,21.87,22.45,22.17,22.46,22.16,22.15,21.66,22.76,22.92,22.06,22.43,23,23.33,23.2,23.04,23,23.43,23.32,23.11,23.88,23.91,24.09,24.4,24.65,24.78,26.72,28.68,33.34,32.01,29.37,30.19,28.95,28.95,27.75,27.23,26.36,26.98,26.65,27.49,28.5,27.31,27.81,27.33,26.86
长城汽车,sh.601633,23.4,22.89,22.49,22.4,22.44,22.29,22.28,22.21,22.3,22.02,22.28,22.33,22.57,22.25,22.44,22.15,22.47,22.36,22.22,21.83,22.31,23.16,22.08,22.42,22.89,23.27,23.27,22.96,23,23.52,23.33,23.13,23.88,23.91,24.09,24.1,24.3,24.76,26.2,27.55,30.31,32.03,29.38,30.2,28.9,29.07,28.16,27.22,26.43,26.98,26.65,27.31,28.25,27.3,27.82,27.27,26.74,26.44
长城汽车,sh.601633,23.65,23.25,23,22.77,22.59,22.5,22.59,22.4,22.32,22.29,22.35,22.64,22.99,22.66,22.54,22.56,22.54,22.66,22.45,22.28,22.36,23.35,22.92,22.61,22.95,23.42,23.65,23.38,23.19,23.63,23.72,23.4,23.96,24.14,24.21,24.44,24.43,25.48,26.22,27.6,30.31,33.34,32.01,30.74,30.19,29.28,29.04,28,27.53,27.53,27.07,27.72,28.28,28.5,28.02,27.82,27.5,26.89
长城汽车,sh.601633,23.13,22.85,22.47,22.22,22.18,22.03,22.17,22.17,21.88,21.96,21.91,22.26,22.46,22.07,21.55,22.13,22.03,22.25,21.96,21.7,21.6,22.57,22.08,21.98,22.33,22.96,23.15,22.9,22.78,22.82,23.22,23.02,23.03,23.67,23.78,23.9,23.78,24.4,24.69,26.72,28.39,30.31,29,29.37,28.56,28.52,28,27,26.42,26.06,26.45,26.56,27.04,27.2,27.3,26.62,26.73,26.28
长城汽车,sh.601633,17039913,16759300,16154243,14774442,11990419,12196033,11921902,9185857,11692632,8308175,13268734,13776917,20403140,12267261,15907091,9787300,8561563,8327205,8561093,10247171,10958155,28776254,24303024,16996165,16195621,15950543,13186971,11966970,8564766,15566511,11376077,7371917,13468560,14139527,12279733,9932244,18947145,23654776,28619456,19699795,52488644,55859869,46572256,33474443,20315120,22410640,22203112,25251125,21148240,31407453,33729538,36611187,42741341,34490779,27963292,44300555,32592834,26344458
邮储银行,sh.601658,4.82,4.8,4.8,4.79,4.73,4.74,4.73,4.73,4.72,4.8,4.79,4.86,4.96,5.06,5.05,5.07,5.14,5.12,5.14,5.17,5.11,4.89,4.72,4.74,4.61,4.64,4.63,4.72,4.64,4.62,4.51,4.53,4.6,4.66,4.64,4.71,4.79,4.99,5.01,5.2,5.11,5.78,5.37,5.2,5.4,5.59,5.6,5.44,5.64,5.68,5.6,5.51,5.55,5.53,5.54,5.46,5.42,5.38
邮储银行,sh.601658,4.81,4.82,4.79,4.73,4.73,4.71,4.73,4.72,4.81,4.79,4.85,4.96,5.06,5.07,5.07,5.13,5.13,5.14,5.18,5.11,4.9,4.73,4.74,4.63,4.62,4.62,4.73,4.63,4.64,4.51,4.54,4.57,4.65,4.63,4.71,4.76,4.94,5.01,5.16,5.05,5.26,5.43,5.16,5.45,5.45,5.64,5.48,5.67,5.64,5.64,5.54,5.54,5.55,5.54,5.49,5.42,5.39,5.27
邮储银行,sh.601658,4.89,4.84,4.83,4.8,4.77,4.75,4.77,4.76,4.82,4.85,4.86,4.97,5.06,5.1,5.09,5.16,5.17,5.16,5.22,5.2,5.12,4.93,4.79,4.74,4.65,4.67,4.77,4.72,4.67,4.63,4.56,4.63,4.66,4.68,4.73,4.78,4.95,5.11,5.16,5.29,5.35,5.79,5.4,5.53,5.67,5.69,5.63,5.74,5.83,5.72,5.6,5.59,5.59,5.61,5.55,5.48,5.48,5.41
邮储银行,sh.601658,4.77,4.78,4.76,4.71,4.72,4.71,4.71,4.7,4.71,4.77,4.78,4.84,4.93,5.03,5,5.06,5.08,5.08,5.13,5.08,4.89,4.73,4.69,4.6,4.56,4.6,4.62,4.61,4.59,4.48,4.45,4.53,4.59,4.61,4.62,4.68,4.77,4.93,5,5.02,5,5.33,5.14,5.2,5.38,5.48,5.48,5.44,5.64,5.52,5.45,5.5,5.52,5.51,5.43,5.38,5.37,5.24
邮储银行,sh.601658,151170148,105311801,138720121,112082833,81176097,63545500,82107000,71040683,142599982,95277931,128620637,162686819,162078838,138845023,101899242,144761346,114446383,94161431,125107722,96169500,173825830,307456038,212353240,222445242,170677816,131490635,176142051,159027800,134620183,170632290,139793383,134863307,107427340,117273955,147025607,83463489,215408882,215840283,272632417,130864086,534112226,534711176,342051429,349996457,255569539,346349681,209730582,242126428,193372195,257503704,234608664,136156561,121695145,96563959,129829319,106218318,118701858,145774879
中国建筑,sh.601668,5.57,5.6,5.5,5.49,5.43,5.4,5.45,5.5,5.5,5.52,5.49,5.6,5.64,5.69,5.65,5.63,5.67,5.66,5.64,5.57,5.47,5.29,5.38,5.27,5.11,5.02,5.08,4.99,4.89,4.9,4.8,4.8,4.77,4.82,4.88,4.91,5.02,5.31,5.46,5.9,6,6.79,6.33,5.83,6.2,6.18,6.33,6.29,6.47,6.18,6.31,6.43,6.4,6.43,6.32,6.06,6.11,6.06
中国建筑,sh.601668,5.62,5.53,5.46,5.43,5.41,5.45,5.51,5.5,5.51,5.49,5.59,5.64,5.67,5.66,5.61,5.67,5.67,5.63,5.56,5.47,5.24,5.39,5.28,5.12,5.01,5.07,5.02,4.88,4.92,4.81,4.79,4.77,4.8,4.89,4.91,4.95,5.21,5.46,5.78,5.8,6.18,6.39,5.8,6.3,6.05,6.36,6.23,6.46,6.19,6.28,6.5,6.42,6.48,6.33,6.29,6.14,6.07,6.01
中国建筑,sh.601668,5.71,5.62,5.56,5.53,5.47,5.47,5.56,5.54,5.54,5.56,5.62,5.64,5.69,5.69,5.66,5.68,5.68,5.71,5.65,5.58,5.48,5.45,5.39,5.28,5.16,5.08,5.11,5,4.93,4.91,4.84,4.83,4.83,4.93,4.93,4.98,5.21,5.57,5.78,5.96,6.23,6.79,6.35,6.38,6.28,6.47,6.5,6.54,6.47,6.35,6.53,6.5,6.55,6.45,6.37,6.2,6.17,6.13
中国建筑,sh.601668,5.55,5.52,5.44,5.38,5.4,5.38,5.44,5.47,5.48,5.49,5.45,5.58,5.64,5.62,5.59,5.62,5.61,5.58,5.54,5.44,5.24,5.28,5.26,5.09,5.01,5.02,5.01,4.86,4.84,4.79,4.79,4.77,4.72,4.77,4.84,4.88,5.02,5.31,5.45,5.67,5.88,6.23,5.8,5.82,5.97,6.18,6.22,6.25,6.19,6.08,6.29,6.36,6.38,6.3,6.24,5.93,6.05,6
中国建筑,sh.601668,310457405,195726717,202948468,183535178,105221573,98037860,155299333,105920950,106847808,95685576,205272334,152808190,137301256,120547653,107556100,142027997,110981530,166888625,135598773,167759513,311636956,270275775,185710942,294530911,222056660,166482480,117362950,244351926,156468657,169020478,138353538,118930443,135393600,176515601,168832753,119134769,331116442,482803040,462933082,357763543,734310370,798418187,622939543,849710052,615194734,701936026,441579391,642106930,506781889,417846384,585667327,302052536,388863550,299603589,270199060,561739694,278077779,218317498
中国电建,sh.601669,5.5,5.55,5.57,5.54,5.48,5.47,5.47,5.48,5.38,5.49,5.46,5.55,5.51,5.56,5.49,5.43,5.43,5.42,5.33,5.2,5.05,4.76,4.78,4.63,4.61,4.53,4.56,4.55,4.48,4.44,4.43,4.41,4.38,4.42,4.47,4.46,4.55,4.74,4.82,5.18,5.37,6.2,5.8,5.42,5.81,5.65,5.59,5.48,5.56,5.43,5.55,5.54,5.58,5.66,5.58,5.56,5.59,5.49
中国电建,sh.601669,5.57,5.56,5.52,5.46,5.49,5.46,5.43,5.4,5.49,5.49,5.55,5.51,5.57,5.5,5.43,5.43,5.41,5.36,5.21,5.09,4.79,4.8,4.63,4.64,4.54,4.57,4.57,4.48,4.46,4.41,4.4,4.39,4.4,4.48,4.48,4.5,4.67,4.86,5.1,5.18,5.64,5.99,5.41,5.86,5.54,5.63,5.53,5.54,5.43,5.51,5.56,5.58,5.69,5.57,5.59,5.59,5.51,5.45
中国电建,sh.601669,5.64,5.63,5.66,5.57,5.52,5.51,5.5,5.57,5.53,5.61,5.55,5.58,5.58,5.58,5.49,5.47,5.45,5.45,5.36,5.22,5.05,4.84,4.79,4.65,4.62,4.58,4.62,4.56,4.5,4.45,4.45,4.44,4.41,4.49,4.48,4.53,4.68,4.97,5.1,5.24,5.66,6.2,5.8,5.95,5.82,5.75,5.72,5.61,5.61,5.6,5.6,5.6,5.75,5.67,5.62,5.6,5.62,5.55
中国电建,sh.601669,5.49,5.53,5.52,5.4,5.43,5.44,5.42,5.39,5.35,5.46,5.43,5.48,5.5,5.47,5.41,5.39,5.37,5.34,5.18,5.08,4.74,4.76,4.62,4.57,4.54,4.53,4.55,4.44,4.39,4.38,4.4,4.38,4.33,4.39,4.42,4.45,4.51,4.73,4.82,5.04,5.26,5.74,5.4,5.42,5.46,5.57,5.51,5.45,5.42,5.31,5.5,5.52,5.57,5.54,5.56,5.46,5.5,5.43
中国电建,sh.601669,141496712,106453069,141456249,116303910,87357981,56538344,56904879,87491157,99198699,117876387,117280300,87108035,91988818,81825199,83377050,87620799,70096750,92773929,148551950,132439715,289119110,198118523,177360679,109550360,106177140,73363888,84252453,99327350,86285099,65546000,59239544,53095314,60601454,79147415,73946443,70169035,168203387,269751862,229062448,186667100,408450445,445931403,353716644,506122676,329144121,229612351,195329161,144761583,148063140,204520851,175037158,120145894,184343203,117125656,91801460,115128703,110591659,102416300
中国电信,sh.601728,6.02,6,6.02,5.97,5.95,5.9,5.9,5.75,5.7,5.73,5.8,5.9,5.98,6.04,6.06,6.17,6.22,6.23,6.21,6.32,6.19,6.18,6.07,6.17,6.2,6.25,6.19,6.13,6.14,6.01,6.01,5.9,5.93,5.96,5.87,5.98,6.06,6.27,6.16,6.28,6.37,7.32,6.51,6.32,6.58,6.33,6.49,6.37,6.48,6.38,6.55,6.59,6.65,6.57,6.49,6.45,6.5,6.49
中国电信,sh.601728,6.03,6.06,5.97,5.96,5.91,5.89,5.78,5.69,5.73,5.8,5.91,5.98,6.03,6.04,6.18,6.23,6.22,6.24,6.32,6.22,6.18,6.1,6.19,6.23,6.23,6.16,6.1,6.16,6.19,6.05,5.88,5.95,5.93,5.87,6.02,6.06,6.25,6.19,6.37,6.33,6.71,6.66,6.32,6.64,6.3,6.52,6.43,6.47,6.41,6.53,6.66,6.65,6.59,6.5,6.47,6.52,6.52,6.47
中国电信,sh.601728,6.08,6.07,6.03,6.02,6.04,5.94,5.91,5.77,5.74,5.83,5.93,6,6.05,6.12,6.19,6.3,6.29,6.27,6.34,6.36,6.29,6.22,6.22,6.25,6.31,6.25,6.26,6.17,6.23,6.08,6.04,6.05,6.05,5.97,6.03,6.1,6.26,6.45,6.37,6.35,6.83,7.32,6.51,6.74,6.62,6.55,6.62,6.51,6.54,6.59,6.67,6.69,6.68,6.58,6.52,6.57,6.55,6.55
中国电信,sh.601728,6,5.98,5.95,5.86,5.89,5.88,5.76,5.68,5.69,5.73,5.78,5.89,5.96,6,6.03,6.16,6.17,6.16,6.2,6.19,6.1,6.06,6.05,6.12,6.19,6.08,6.09,6.04,6.12,5.95,5.87,5.88,5.93,5.85,5.87,5.95,6.02,6.14,6.04,6.21,6.26,6.43,6.3,6.32,6.28,6.32,6.42,6.35,6.4,6.31,6.37,6.53,6.54,6.44,6.43,6.36,6.42,6.45
中国电信,sh.601728,93700577,85986266,107029734,90057678,86501684,61883000,138951761,85276388,68988818,94496159,92427180,86512354,71369704,91611516,134261080,122099530,102129803,87866092,108144104,110674028,102645371,130325839,109576516,86634266,71830175,82657789,72791929,94892947,89118353,82523018,74318974,71345043,73369192,90241008,98833968,62526094,115240864,185121260,248564593,205280367,610178440,592974687,355364209,410272478,285662428,268189838,163726802,116866427,133816920,187563783,274777352,196272161,203797410,164132710,160084535,152423500,142258995,113577585
中国石油,sh.601857,9.07,8.87,8.65,8.48,8.44,8.65,8.58,8.73,8.79,8.71,8.75,8.88,8.98,9.04,8.84,8.88,8.92,9.01,9.11,9.25,9.14,8.9,8.85,8.98,8.49,8.21,8.11,7.99,7.85,7.72,7.73,7.88,7.91,7.9,7.89,7.91,8.11,8.51,8.3,8.39,8.53,9.92,9.1,8.47,8.85,8.7,8.58,8.4,8.41,8.39,8.5,8.46,8.5,8.46,8.41,8.33,8.29,8.2
中国石油,sh.601857,9.03,8.86,8.42,8.49,8.59,8.55,8.74,8.71,8.79,8.78,8.86,9.01,9.07,8.89,8.93,8.9,8.93,9.05,9.32,9.18,8.9,8.93,9.01,8.71,8.25,8.13,8.04,7.82,7.9,7.75,7.84,7.9,8.06,7.85,7.91,8.01,8.36,8.4,8.39,8.38,9.02,9.34,8.45,8.74,8.7,8.75,8.43,8.42,8.35,8.54,8.46,8.46,8.48,8.45,8.39,8.37,8.2,8.11
中国石油,sh.601857,9.17,8.91,8.75,8.57,8.72,8.72,8.78,8.8,8.88,8.79,8.91,9.05,9.12,9.09,8.93,8.94,9.09,9.09,9.35,9.35,9.16,9.04,9.07,9.04,8.49,8.28,8.21,8,7.95,7.77,7.87,7.98,8.1,7.9,8.01,8.09,8.37,8.66,8.45,8.4,9.17,9.92,9.13,9.01,8.89,8.84,8.61,8.5,8.59,8.6,8.59,8.51,8.53,8.47,8.45,8.37,8.33,8.25
中国石油,sh.601857,8.95,8.78,8.39,8.42,8.38,8.54,8.56,8.67,8.69,8.66,8.71,8.87,8.93,8.81,8.8,8.81,8.86,8.92,9.05,9.12,8.84,8.8,8.7,8.67,8.17,8.05,8.04,7.71,7.82,7.55,7.69,7.88,7.91,7.7,7.83,7.86,8.04,8.37,8.25,8.28,8.53,8.9,8.45,8.47,8.63,8.62,8.42,8.32,8.35,8.35,8.41,8.43,8.43,8.38,8.38,8.18,8.2,8.08
中国石油,sh.601857,160074494,134672028,293326777,135830397,157756843,99250002,159988641,90947914,126101491,78073202,113933232,126854614,105618802,140532524,84565539,87891299,95981506,113732644,217449974,136048440,145857294,154953162,145210793,164742300,234215259,165342472,111047936,183015842,125534650,202397741,133186801,129717194,117442201,115368818,133488080,96586603,183936323,212473516,295752968,179409373,540926189,642985322,444901825,393485553,251485177,221455125,225516656,166912034,179804141,240218341,229254626,167043506,195556524,97837261,121897008,226008481,159037556,158425431
中国中免,sh.601888,68.37,66.77,67.29,67.2,67.6,66.34,66.35,64.51,64.01,64.3,63.1,63.64,63.12,63.12,61.99,61.67,60.25,60.95,60.56,62,59.23,59.03,60,58.92,58.6,58.55,58.68,56.29,55.58,54.58,55.2,54.7,54.58,54.17,54.73,54.28,55.18,58.15,57.73,66.9,77.18,84.92,80,74.6,73.39,71.6,70.6,66.81,66.2,65.45,68.65,67.77,69.49,68.78,67.8,69,70.97,67.8
中国中免,sh.601888,67.2,66.6,66.43,68.04,66.63,66.02,64.83,63.95,64.17,63.24,63.9,63.49,63.4,62.18,61.34,60.27,60.95,60.8,59.68,60.41,59.48,61.01,58.93,59.14,58.55,58.73,56.82,55.59,55.08,55.18,54.79,54.84,53.76,55.14,54.31,54.3,57.32,58.01,63.81,70.18,77.2,84.89,76.4,74.55,71.63,71.36,69.03,66.1,65.44,68.02,68.19,69.14,69.5,67.8,68.99,70.3,68.83,67.9
中国中免,sh.601888,68.48,67.93,68.53,68.35,67.6,66.83,66.5,64.77,64.18,64.3,64.58,63.88,64.21,63.22,62.3,61.79,61.44,61.54,60.6,62.4,59.55,62,60.31,59.49,59.39,58.95,58.68,56.59,55.71,55.5,55.8,55.7,54.73,56.15,54.9,54.78,57.33,59.69,63.81,70.18,77.2,84.92,81.19,78.02,74.33,72.51,71,67.52,67.32,70,68.86,69.57,70.58,69.07,70,70.52,71.02,68.8
中国中免,sh.601888,67.1,66.4,66.42,66.48,66.4,65.4,64.81,63.54,63.11,63.21,63.01,63.32,63.02,62.03,61.29,60.17,59.7,60.35,59.51,60.32,58.25,58.8,58.89,58.65,58.35,58.46,56.8,55.43,54,54.49,54.77,54.54,53.52,54.03,53.68,53.72,54.66,57.9,57.55,66.5,74.41,78.01,76.4,72.42,70.83,68.81,69,65.56,65.29,64.89,66.88,67.6,68.5,67.57,67.12,68.62,68.47,67.45
中国中免,sh.601888,19098172,15166130,21852116,20551458,15611357,12292621,13934172,10891777,8864218,7623697,11386587,6571454,7521403,10508504,9751695,11074926,9444178,7290375,9906580,18703372,17867995,23315928,14473682,8749418,9680560,10299591,18567206,14890777,15528978,8760351,9531142,12706109,11453855,19320530,17154661,9268723,29297316,32140533,52629794,48820095,59678247,121400190,69084199,48888761,31877159,34410491,25363250,36980550,23020565,41532477,33393332,26407953,31536172,20178737,25906527,27078110,28670172,17119331
紫金矿业,sh.601899,16.88,16.31,15.57,15.7,15.25,15.34,15.38,15.3,15.66,15.55,15.28,15.78,16.06,16.32,16.06,16.16,15.97,16.31,16.15,16.1,15.75,15.89,15.86,15.5,15.05,14.75,14.84,14.47,14.27,14.15,14.24,14.59,14.98,15.11,15.49,15.88,16.1,16.92,17.1,17.85,17.88,19.64,17.7,17,17.6,17.36,17.5,17.08,17.48,17.35,18.08,18.13,18.1,17.6,17.42,17.2,17.27,17.35
紫金矿业,sh.601899,16.63,15.96,15.63,15.35,15.48,15.21,15.34,15.36,15.54,15.4,15.58,15.87,16.22,16.05,16.16,16.17,16.06,16.21,16.07,15.82,15.93,16,15.61,15.49,14.68,14.68,14.76,14.15,14.22,14.2,14.2,14.68,15.04,15.4,15.88,15.82,16.51,16.92,17.37,17.51,18.14,17.96,16.93,17.35,17.24,17.67,17.13,17.45,17.14,17.63,18.22,18.05,17.85,17.49,17.23,17.2,17.22,17.13
紫金矿业,sh.601899,17.08,16.31,16.03,15.78,15.66,15.35,15.66,15.49,15.73,15.62,15.63,16.18,16.49,16.32,16.25,16.2,16.09,16.38,16.25,16.24,15.99,16.17,15.87,15.69,15.1,14.97,15.01,14.47,14.35,14.25,14.39,14.91,15.22,15.46,15.88,16,16.64,17.32,17.39,18.05,18.74,19.87,17.77,17.98,17.79,17.77,17.51,17.54,17.61,17.88,18.58,18.3,18.17,17.6,17.44,17.23,17.52,17.55
紫金矿业,sh.601899,16.48,15.7,15.46,15.16,15.2,15.03,15.31,15.24,15.3,15.35,15.21,15.78,16,15.89,15.93,15.95,15.9,15.95,15.85,15.63,15.61,15.66,15.31,15.37,14.56,14.53,14.7,13.94,14.07,13.96,14.07,14.52,14.85,14.77,15.31,15.68,16.02,16.9,16.7,17.27,17.12,17.51,16.9,16.85,17.08,17.08,17.13,17.02,17.12,17.31,17.9,17.88,17.68,17.32,17.14,16.96,17.18,17
紫金矿业,sh.601899,149688988,214393694,179119079,175303308,116601847,117102412,140162600,63635602,141287859,66506834,91464500,150829135,136456088,89052973,82239256,74620792,75078634,146188349,89916727,130275045,80769901,144252253,129969381,68786090,236436306,108842214,98102619,232868695,109501502,140742326,127138913,222888677,168791702,182900219,192733014,136737176,251226583,283724846,224564936,174092796,671972617,706617244,395716432,301784759,204517323,209895342,167326264,139067215,132417366,219917288,271742565,170124384,158883827,153140704,151253747,122817788,157067199,158313500
中远海控,sh.601919,13.1,13.17,13.1,12.93,12.68,12.73,12.47,12.3,12.47,12.4,12.22,12.51,12.67,12.8,12.41,12.47,12.41,12.41,12.38,12.41,12.32,12.49,12.46,12.44,12.13,12.18,11.97,11.79,11.7,11.58,11.65,11.79,11.98,12.4,12.69,12.99,13.42,14.12,13.95,14.69,15.13,17.28,16.35,14.88,15.17,14.77,14.76,14.34,14.49,14.06,14.95,14.53,14.89,14.7,14.8,14.74,14.67,14.48
中远海控,sh.601919,13.26,13.23,12.81,12.71,12.87,12.42,12.31,12.37,12.49,12.27,12.48,12.67,12.7,12.41,12.52,12.57,12.37,12.49,12.44,12.38,12.15,12.52,12.42,12.2,12.13,11.96,11.85,11.63,11.61,11.59,11.81,11.92,12.3,12.66,12.98,13.25,13.81,14.03,14.53,14.84,15.71,16.61,14.99,15.11,14.72,14.86,14.52,14.41,14.04,14.23,14.52,14.86,14.82,14.82,14.73,14.67,14.52,14.33
中远海控,sh.601919,13.5,13.38,13.26,13.01,12.97,12.79,12.53,12.44,12.7,12.42,12.52,12.73,12.93,12.83,12.52,12.58,12.53,12.5,12.47,12.58,12.34,12.73,12.58,12.62,12.26,12.18,12.03,11.84,11.78,11.63,11.94,12.08,12.3,12.68,13.03,13.36,13.81,14.25,14.54,14.9,15.95,17.28,16.35,15.49,15.17,15.02,14.89,14.6,14.54,14.45,15.01,14.92,14.99,14.92,15.07,14.85,14.74,14.54
中远海控,sh.601919,13.09,12.95,12.81,12.62,12.65,12.38,12.3,12.26,12.35,12.25,12.18,12.45,12.6,12.36,12.32,12.27,12.3,12.31,12.24,12.3,11.94,12.36,12.28,12.1,12.12,11.95,11.82,11.55,11.47,11.47,11.65,11.79,11.96,12.22,12.6,12.91,13.25,13.85,13.93,14.26,14.88,15.9,14.96,14.68,14.51,14.72,14.52,14.3,14,13.9,14.43,14.53,14.7,14.6,14.7,14.58,14.42,14.2
中远海控,sh.601919,133651503,72092524,90756958,75674783,58448732,121058853,73241496,52157903,71592969,48571254,62393678,63083986,65245696,56888479,44192318,52381020,53408810,44888217,40126725,52119380,78980403,135815774,76678991,83833469,43321423,59178263,41943049,68042716,49791580,42654528,60597752,66780891,73733421,105792165,113164564,103594034,135287576,158721185,135825510,115903503,297993157,355212006,281725747,215376137,118255837,112540206,96985414,74661369,105567431,121841817,160533010,127037630,100663197,80665456,97564904,86863181,87031455,91347419
中国核电,sh.601985,11,11.06,10.85,10.88,10.75,10.98,10.77,10.85,10.69,10.8,11.02,11.08,11.06,11.46,11.28,11.12,11.38,11.28,11.22,11.23,11.33,10.95,10.84,10.96,10.38,10.27,10.3,10.06,10.17,10.21,9.65,9.8,9.73,9.87,9.84,9.97,10.19,10.8,10.5,10.59,10.63,12,10.95,10.4,10.9,10.66,10.7,10.35,10.52,10.28,10.48,10.32,10.63,10.53,10.39,10.14,10.28,10.24
中国核电,sh.601985,11.1,10.96,10.85,10.75,10.98,10.82,10.79,10.7,10.82,11.02,11.09,11.05,11.3,11.35,11.18,11.42,11.31,11.23,11.23,11.37,11.01,10.94,11,10.42,10.27,10.29,10.09,10.17,10.21,9.68,9.8,9.72,9.84,9.83,9.99,10.12,10.62,10.51,10.6,10.63,11.15,11.02,10.34,10.9,10.66,10.73,10.44,10.41,10.33,10.47,10.33,10.63,10.54,10.39,10.22,10.27,10.35,10.05
中国核电,sh.601985,11.29,11.22,11.02,10.96,11.14,11.07,10.84,10.94,10.89,11.14,11.15,11.13,11.33,11.5,11.29,11.48,11.5,11.36,11.27,11.51,11.35,11.12,11.04,11.04,10.43,10.38,10.41,10.3,10.28,10.21,9.85,9.85,9.94,9.9,10.02,10.19,10.67,10.88,10.63,10.65,11.41,12.18,10.95,11.15,11.04,10.86,10.78,10.5,10.69,10.59,10.48,10.72,10.68,10.53,10.42,10.28,10.39,10.28
中国核电,sh.601985,10.93,10.88,10.71,10.6,10.72,10.77,10.66,10.66,10.66,10.74,10.92,10.91,11.01,11.15,11.05,11.08,11.26,11.11,11.15,11.21,10.96,10.83,10.7,10.4,10.23,10.24,10.07,10.04,10.06,9.65,9.64,9.71,9.7,9.71,9.8,9.91,10.09,10.45,10.4,10.35,10.55,10.78,10.33,10.4,10.58,10.58,10.43,10.32,10.33,10.23,10.28,10.31,10.47,10.36,10.12,10.05,10.22,9.98
中国核电,sh.601985,216289240,155644800,157019050,151406524,190160630,109254528,81208285,80561000,71962609,120138127,98524906,91644760,118354248,158540731,94965937,128083376,88484556,81162798,70121436,115087061,177300567,170165476,110907556,233434790,120252750,64189740,93975352,110234359,76016553,170545909,93760846,58976732,65924126,90610637,139113735,88589255,148145445,167096251,146388540,118110550,468597083,537832775,263149242,312615927,166350658,154014958,132516185,85528572,107565078,148880489,134198650,175946358,131550239,78992337,176134793,128552300,128266739,164715747
中国银行,sh.601988,4.66,4.69,4.7,4.66,4.61,4.63,4.62,4.63,4.65,4.7,4.72,4.75,4.81,4.93,4.95,4.95,5.07,5.06,5.07,5.16,5.11,4.91,4.77,4.88,4.74,4.74,4.71,4.74,4.7,4.78,4.62,4.65,4.6,4.66,4.6,4.63,4.72,4.98,4.9,5.03,4.86,5.3,4.95,4.84,5.03,5.07,5.12,5.03,5.1,5.06,5.05,4.95,4.95,4.94,4.94,4.91,4.88,4.89
中国银行,sh.601988,4.69,4.7,4.67,4.61,4.62,4.62,4.63,4.66,4.7,4.72,4.75,4.81,4.92,4.96,4.95,5.07,5.08,5.08,5.17,5.12,4.91,4.79,4.9,4.76,4.74,4.71,4.72,4.68,4.8,4.63,4.63,4.58,4.65,4.61,4.64,4.69,4.9,4.9,4.99,4.87,5,4.97,4.81,5.01,5.02,5.14,5.02,5.1,5.05,5.05,4.95,4.94,4.96,4.95,4.91,4.88,4.9,4.83
中国银行,sh.601988,4.74,4.74,4.72,4.68,4.66,4.65,4.65,4.68,4.72,4.73,4.76,4.82,4.93,4.97,4.97,5.09,5.09,5.08,5.17,5.2,5.12,4.96,4.93,4.9,4.8,4.77,4.8,4.74,4.81,4.79,4.66,4.67,4.66,4.68,4.65,4.71,4.9,5.09,5,5.05,5.09,5.4,4.98,5.1,5.14,5.18,5.13,5.14,5.14,5.09,5.05,5,4.96,4.99,4.95,4.91,4.92,4.91
中国银行,sh.601988,4.6,4.66,4.64,4.58,4.59,4.61,4.6,4.62,4.64,4.69,4.71,4.74,4.79,4.88,4.87,4.94,5,5,5.06,5.08,4.89,4.79,4.73,4.71,4.71,4.65,4.71,4.62,4.69,4.62,4.58,4.55,4.59,4.58,4.57,4.6,4.7,4.82,4.87,4.83,4.75,4.92,4.8,4.83,4.95,5.06,5.01,4.99,5.05,4.94,4.93,4.92,4.92,4.92,4.9,4.85,4.86,4.83
中国银行,sh.601988,174642792,138897781,167968404,178945901,141953511,73465905,96115932,102727927,149191970,94814228,129166405,153312967,192969469,182475890,140557753,214650766,152449886,137483202,187745937,206616031,297435772,378075167,264042411,243637889,153994793,170267229,110378260,132881462,194804893,196461878,135614509,147627671,119022612,151005209,163674263,129778378,266090547,304060722,294366626,306440305,802777316,832929630,575567867,563798117,334033665,401207274,270654116,288884026,188988781,289552972,282232187,202407869,170825071,134299060,168068154,163470330,161951359,156696795
药明康德,sh.603259,42.58,42.18,42.66,42.95,43.31,42.7,42.63,41.49,41.45,41.17,39.81,40.14,40.11,39.9,39.41,38.68,37.49,37.52,38,37.99,38.1,38.88,39.05,37.74,38.23,39.35,39.66,38.76,39,37.55,38.56,39.98,39.76,40.15,40.68,43,42,42.95,41.84,44,52.36,57.6,57.53,56.08,53.98,51.95,51.92,49,49.3,47.8,50.52,50.21,50.82,51.49,49.88,52.97,55.95,53.01
药明康德,sh.603259,42.3,42.91,42.49,43.4,42.9,42.5,41.5,41.38,41.2,39.87,40.13,40.22,39.77,39.3,38.74,37.5,37.49,38.14,38.07,38.3,38.71,39.18,37.74,38.39,39.4,39.66,38.8,39.41,37.29,38.54,39.76,39.82,40.02,40.68,40.58,41.75,42.5,42.71,43.27,47.6,52.36,57.6,55.79,54.93,51.45,51.9,50.08,48.96,48.18,50.22,50.36,50.8,51.49,50.14,53,53.44,53.49,52.14
药明康德,sh.603259,42.66,43.81,43.79,43.7,43.4,43.26,42.78,41.72,41.5,41.19,40.58,40.49,40.45,39.98,39.42,38.99,37.76,38.2,38.43,38.48,38.97,39.62,39.18,38.53,39.71,40.36,39.72,40.58,39,38.68,40.23,40.68,40.1,41.1,40.92,43.79,42.52,44.44,43.33,47.6,52.36,57.6,59.5,57.61,53.98,52.18,52.3,49.76,49.54,51.47,50.92,51.44,52.5,51.86,53.16,53.66,56.15,53.68
药明康德,sh.603259,41.86,42.06,42.42,42.5,42.73,42.47,41.5,41.08,40.8,39.84,39.64,39.65,39.67,39.21,38.6,37.4,37.34,37.31,37.7,37.71,37.84,38.43,37.72,37.62,38.21,39.35,38.78,38.68,36.86,37.34,38.5,39.76,39.41,39.87,40.36,41.44,40.89,42.5,41.5,44,50.9,54.52,54.88,54.46,50.68,50.4,50.05,48.5,48.16,47.78,49.62,49.9,50.3,49.91,49.8,52.2,53.42,51.72
药明康德,sh.603259,54472771,75936404,63580250,57347347,34386071,34853044,43452449,23924225,23184156,35728744,28115376,24500807,22555142,19110928,24405877,38646923,18963321,30918358,21677917,23596339,31305477,41064074,36211041,27042798,43153870,30481701,19939377,51741414,72796613,49095767,56502329,45209438,22206883,43310009,28698646,103603589,83010374,124264408,96158296,116014674,150933792,210749003,182769568,117117450,106652642,78022342,64582620,59490609,48738750,98291391,71842206,57435110,86032533,69684537,114701118,69259762,108811925,65279624
海天味业,sh.603288,35.27,34.45,34.65,35.15,35.29,35.03,35.96,35.4,35.56,35.01,34.53,35.01,34.9,34.6,34.34,34.73,34.36,34.84,34.2,34.08,33.7,34.78,36.5,36.36,36.14,35.57,35.66,35.46,35.27,35.39,36.18,35.98,35.85,36.22,36.09,36.04,36.98,38.99,38.61,42.26,46.01,52.99,51.87,46.64,47.02,46.79,46.41,44.74,43.2,42.15,43.26,43.18,43.55,43.7,43.5,44.33,45.55,44.56
海天味业,sh.603288,34.61,34.65,34.9,35.29,35.03,35.73,35.49,35.48,35.01,34.59,35.2,34.9,34.7,34.4,34.6,34.37,34.67,34.31,34.2,33.8,33.99,37,35.95,36.08,35.41,35.67,35.49,35.27,35.47,36.19,35.93,35.85,36.14,36.18,35.92,36.28,38.32,38.6,41.33,43.8,48.17,51.8,46.65,47.02,46.02,46.41,45.35,43.19,42.24,43.09,43.19,43.48,43.96,43.48,44.33,45.37,45,44.15
海天味业,sh.603288,35.29,35.1,35.53,35.78,35.49,36,35.98,35.84,35.56,35.01,35.55,35.36,35.45,34.74,34.85,34.8,34.84,34.97,34.4,34.2,34.06,37.39,36.98,36.45,36.43,35.9,35.87,35.76,35.68,36.28,36.45,36.16,36.22,36.88,36.2,36.68,38.38,39.35,41.33,43.8,48.18,52.99,51.96,48.18,47.36,46.82,46.49,44.9,43.69,43.99,43.53,43.9,44.58,44.1,44.88,45.38,46.18,45.35
海天味业,sh.603288,34.61,34.44,34.36,35,34.85,34.73,35.49,35.33,34.82,34.4,34.5,34.75,34.68,34.38,34.26,33.91,34.21,34.2,33.9,33.55,33.5,34.66,35.82,35.7,35.4,35.43,35.41,35.04,35.1,35.18,35.9,35.68,35.44,35.44,35.74,35.66,36.43,38.54,38.61,42.22,45.15,50.51,46.65,46.33,45.38,45.08,45.24,42.6,42.15,41.82,42.3,43.1,43.31,43.3,43.31,44.21,44.85,43.88
海天味业,sh.603288,7428345,5554140,10645527,8378009,5759521,9056954,6360641,4833387,5300370,4353616,8755604,6427723,4997950,4565435,4439830,6137660,4379873,5049942,4027396,7536101,5057377,43801635,18127353,10878062,11814232,6774855,4576924,8973374,8455438,10949056,6822677,6459232,6977195,13526263,12179016,11744345,23445434,20437451,28986071,25263438,43211314,56286395,39086971,23458994,14465369,16869785,13725553,27329546,13761267,21159554,18443894,14164140,16993404,8908256,13229036,13891430,15293356,10654875
韦尔股份,sh.603501,103.51,100,98,96,94.88,92,93.5,92.03,92.39,93.8,93.15,92.46,91.1,91.13,91.9,92.96,90.55,90.49,88.01,87,87.8,87.47,90.3,86.3,85.81,86.6,87.18,85,85.71,85.71,86.54,84.9,84.69,85.5,86.49,84.01,83.2,86,86.9,91.86,103.5,117.92,115.57,123.35,113,111.93,111.5,105.4,106.51,103.66,113.1,113.5,113.3,110.8,110.5,112.5,110.95,108.57
韦尔股份,sh.603501,101.9,99.01,94.59,94.93,92.55,92.05,92.17,92.33,93.4,93.15,92.75,91.45,89.7,92.28,92.96,91.15,90.48,89.1,87.28,87.9,87.57,90.53,86.4,87.56,86.63,87.34,85.51,86.25,86.24,86.2,84.84,84.37,84.97,86.5,84.48,82.7,85.08,86.94,90.38,98.01,107.2,117.92,115.48,115.4,111.95,110.67,109.28,105.65,103.67,110.2,113.68,113.17,111.54,110,111.78,110.95,109.34,107.42
韦尔股份,sh.603501,103.78,101.35,99.15,96.5,94.92,93.48,93.74,92.5,93.4,94.19,94.5,92.46,91.85,94.05,93.6,92.96,91.2,90.9,88.96,88.14,88.68,91.15,90.3,88.25,87.05,87.45,87.36,86.87,86.67,86.55,87.23,85.55,85.4,87.67,86.5,84.93,85.54,89.32,90.41,98.2,107.2,117.92,124,123.35,114.5,111.94,114.67,108.01,107.5,112.95,117.45,115.27,113.61,111.29,112.88,112.5,113.58,109.9
韦尔股份,sh.603501,100.53,98.72,94.59,93.33,92.53,90.6,92.08,91.16,92.03,92.8,92.1,91.25,89.21,89.55,90.8,90.19,89.81,88.21,86.92,86.01,86.43,87.3,86.4,86.14,85,85.51,85.48,84.88,84.69,85.49,84.81,84,83.44,84.98,83.6,82.7,81.41,85.7,86.4,91.7,100.04,112.81,110,115,107.66,105.66,109.23,105.01,103.64,102.58,111.72,111.8,111.26,109.1,108.51,109.8,109.28,106.61
韦尔股份,sh.603501,11913063,10194205,16062250,11746352,9453608,10070731,9252493,5929033,7691339,9263289,10277924,8122820,11517646,18661826,12610950,10588427,6634686,9405746,10028767,7385171,8033117,13971747,11361255,7526032,5470768,6335976,5905180,6472996,6148868,4194576,6140747,5456025,5177699,8765695,10402505,8054657,16480088,15955284,14423781,9239818,36546605,47991568,54269697,46022684,30476426,36108413,29611661,23154181,22670901,40239475,43821169,22944673,20595817,15248337,20003266,18085501,24364956,17454842
兆易创新,sh.603986,86.3,85.24,81.03,78.98,78.05,76.27,78.8,77.77,78.6,79,78.2,79.08,78.6,79.47,78.57,74.38,73,72.62,71.27,70.23,69.7,70,72.38,69.21,69.03,69,69.44,67.37,67.88,67.6,68,66.8,65.35,65.3,65.67,65.29,65.81,69.21,69.98,76.4,85.35,97.21,97.1,93.51,86.5,84,86.13,83,83.68,82.2,92.49,88.83,88,87.52,88.55,89.14,91,88.08
兆易创新,sh.603986,86.74,83.06,77.66,78.18,76.95,77.57,78.12,78.19,78.96,78.23,78.75,78.9,78.98,79.23,73.99,73.65,72.36,71.28,70.23,69.95,70,72.38,68.54,70.02,68.84,69.39,67.88,67.64,67.93,67.64,66.8,65.3,64.78,65.51,65.29,65.13,68.4,69.45,75.27,80.4,88.37,97.21,93.1,88.08,84,86.12,85,83.08,82.39,87.74,89.92,88.8,88,88.3,89.15,90.76,88.6,88.76
兆易创新,sh.603986,87.67,86.07,82.5,79.48,78.4,78.15,79.5,78.65,79.16,79.31,80.27,80.09,79.79,79.8,78.57,74.74,73.5,72.88,71.56,70.74,71.05,72.93,72.38,70.67,69.88,70.05,69.59,68.79,68.4,68.09,68.46,67.08,66,66.35,66.02,66.46,68.41,71.54,75.28,80.43,88.44,97.21,101.14,94.77,87.89,86.28,88.45,84.47,85.2,90,93.09,90.48,89.55,89.55,90.3,91.64,91.84,90.44
兆易创新,sh.603986,85.6,82.91,77.61,76.93,76.66,75.08,78,77.55,77.58,78.11,77.82,78.66,78.32,78.35,73.97,72.61,72.02,71.02,70,69.65,68.77,69.88,68.52,68.92,68.57,68.82,67.88,67.26,66.4,67,66.8,65.3,64.13,64.44,64.6,64.84,65,68.93,69.81,75.74,82.01,91.45,92,86.52,82.87,81.48,84.55,82.15,82.38,82.01,89.68,87.8,87.76,87.01,87.2,88.28,88.6,87.74
兆易创新,sh.603986,13555527,13156249,23258132,12730323,9295136,14485945,11723319,6011610,7006975,6314456,9914579,8424192,6817317,8279687,27929610,14704266,11164297,10119834,9216904,7639058,10725590,17053794,15040989,9534208,9824716,7572898,7428440,6195010,10247245,7740953,7182167,10362866,8693296,10680573,8135227,7621567,19155435,21660755,28858952,18296278,41920744,42265565,60829780,43039970,26759269,28720800,24654037,18382604,17252313,36143165,48779368,25415141,19867696,18743117,21559241,24488105,25767835,19984518
中微公司,sh.688012,158.46,156.6,157.63,155.55,153.5,151.5,157.3,152.4,152.63,155.14,146.85,148.11,146.45,145.57,144.27,142.12,136,129.8,130.01,130.2,128,132.6,134.8,128.1,127.99,126.88,128.84,127.9,128,129.01,130.65,129.8,125.61,124.32,124.5,121,118.9,123.01,120.88,130.01,145,196.8,192,202,174,168.1,173.26,159,165.9,163.5,187.09,185,181.5,178.9,180.99,183,180.65,182.9
中微公司,sh.688012,158.44,158.6,153.39,154.13,152.55,155.16,153.27,152.6,155.37,147.72,148.41,146.92,145.95,144.33,142.11,138.8,131.01,130.46,130,129.27,132.3,135.05,127.82,128.81,127.15,128.58,127.41,127.45,129.76,130.65,130.02,125.48,124.07,124.44,120.51,117.3,121.2,120.97,127.44,136.9,164,196.8,198,180.18,168.56,173.25,169.1,163.46,163.5,185.65,187.13,182.83,179.95,180,183.45,180.88,180.3,181.15
中微公司,sh.688012,160.69,162.45,161.49,155.98,157.3,157.5,158.5,154.5,155.38,155.3,149.48,149.78,147.96,147.11,145.13,142.38,136,133.88,131.49,131.43,133.77,136.32,135.24,130.02,130.11,129.05,129.8,129.7,130.51,131.24,131.8,130.35,125.99,126.8,124.86,121.18,121.77,126.5,127.5,138.8,164.2,196.8,217,202,181.17,175.2,177.98,167.77,167.83,195,201,189.01,184.58,182.99,188.81,183.32,185.88,184.22
中微公司,sh.688012,155.7,156.32,152.52,151.66,151.74,149.5,153.18,150.26,152.12,147.2,146.2,145.81,145.11,143.36,141.82,137.71,124.03,129.17,128.99,128.4,127.8,132.01,127.8,128.01,126.99,126.6,127.2,126.76,127.12,128.58,129.2,123.79,122.35,122.2,118.85,116.61,115.5,120.75,119.11,130,144.49,186.1,185.5,179.48,166.02,162.51,169.1,158.88,162.57,161.03,182,180.21,178.23,178.38,178.62,179.62,180.13,177.7
中微公司,sh.688012,6837588,7253556,8256873,4996747,4552976,6074782,4979285,3734659,3250412,6857445,4802826,5245160,3534834,3243446,3159253,5868753,17691935,5874595,4084548,3918606,4498497,5877826,5497304,2908737,3301271,3089901,2037672,2723622,3303637,3399234,2490494,5505671,3413331,4346392,6818217,6306444,8313623,8744468,8313937,7508275,19668775,24740187,42813703,25719383,15090957,15836608,12961880,11122121,10406240,24175417,26099647,15381241,10138291,7767715,10981841,7125944,10715891,10845951
海光信息,sh.688041,81.01,78.2,77.5,75.18,74.87,70.7,73.4,71.96,73.79,74.09,73.48,76.59,76.98,77.3,75.1,76.8,76.85,76.25,74.43,75.59,74.4,75.19,78.91,77.87,76.33,76.57,75.2,76,76.4,78.5,79.6,76.08,77.1,75.65,76,75.11,76.67,79.43,78.8,82,90.09,123.94,120.19,133.98,125.02,124.99,124,115,121.94,117,136,128,127,122.52,125.88,121,123.33,124.8
海光信息,sh.688041,79.66,77.97,73.81,74.87,71.64,72.38,72.01,73.7,73.51,73.57,76.6,76.84,76.84,75.65,76.98,77.3,76.25,74.88,75.3,74.71,75,79.39,77.87,77.32,76.47,74.7,76.18,76.4,78.9,79.2,76.1,77.98,74.73,75.92,75.92,75.51,78.12,78.75,80.99,86.09,103.28,123.94,131,131.03,123.7,124.2,117,113.57,116.18,132.99,131.3,128.11,125.02,123.8,122,122.57,126.53,125.19
海光信息,sh.688041,81.3,79.42,77.5,75.4,74.88,73.43,73.77,74.14,74.98,74.65,78,77.66,78.23,77.38,78.1,78.2,77.69,77,76.05,75.89,75.83,80,80.33,78.87,77.28,78.18,78.27,78.02,79.88,79.57,80.09,78.72,77.36,76.27,76.19,76.35,79.05,80,81.18,86.79,103.28,123.94,148.7,144,130.79,125.5,124.3,117.99,122,138.89,146.88,132,129.5,126.35,125.96,124.21,132.17,128.56
海光信息,sh.688041,79.11,77.57,73.45,72.81,71.18,70.51,72.01,71.7,72.9,73.26,73.05,76.37,76.51,75.3,75.1,76.55,75.5,74.66,74.2,74.47,73.41,74.8,77.78,77.1,76.1,73.8,74,75.72,76.03,78.35,76.02,76.08,74.28,73.9,74.4,74.63,75.61,78.5,77.75,81.2,90.08,118,118,119.32,121.21,116.45,116.99,113,116.18,115.15,129.06,125,124.66,122.01,120.65,120.48,121.6,124.01
海光信息,sh.688041,16835242,13109015,18351232,10873047,12343576,9305299,7869845,9528696,7586031,7466931,19043305,9371878,7937911,7490602,9396266,10349274,9613552,7378577,6222749,5523133,6863327,21050996,11776652,7477279,5252524,11312544,11257818,8020341,12311393,8120785,10655235,12386718,10573757,9365656,8777017,7143629,16729206,15692898,17656470,12566667,44184421,47248899,78096514,57916204,38857637,42710957,35780323,25167829,33150593,59997761,67436776,37190535,30178249,21396357,24973741,19549656,38573519,26948598
金山办公,sh.688111,211,199.88,199.08,201,202,197.01,197.48,193,192.47,191.6,187.51,192.11,189.12,195.5,189.03,188.7,187.04,189.8,189.04,180.79,177.03,182.49,181.7,168.3,171.8,175.38,174.31,168.61,170.08,177.01,183.49,181.4,181.44,183.9,185.56,184.2,186.85,193.6,193,212,241,319.68,296.66,269,263,246.25,253.66,249.91,258.51,258.69,285,274.5,268.64,260.01,263.52,264.1,268,260
金山办公,sh.688111,202.8,200.15,197.5,201.02,199.53,197.48,194.23,192.47,192.3,188.25,192.55,189.67,196,191.15,188.7,187.71,189.8,190,181.3,178,181.62,182.21,168.53,173.72,174.57,174.8,169.8,169.6,178.51,183.67,181.4,181.08,183.82,185.99,184.9,184.33,191.88,192.35,205.47,222,266.4,316.86,262.8,266.6,246.27,255.77,256.97,253.9,262.36,284.5,278,266.99,264.62,264.69,264.5,269.03,260.93,258.58
金山办公,sh.688111,212,205.5,205.96,204.26,202.8,201.98,200.31,193.88,193.36,193.28,194.48,193.39,198.93,197.72,192.58,195.6,192,194.89,189.34,182,185.5,186,181.7,174.5,177.7,178.88,175.24,171.1,180.5,186.5,186.3,182.67,185.98,188,186.7,188.57,192.98,203.36,205.5,225,266.4,319.68,307.98,285,265,258.8,273.89,256.97,270.2,299,286,274.5,272.75,268.6,266.33,275.7,272.74,264.5
金山办公,sh.688111,198.8,199.29,197.05,197.6,196.3,194.5,193.56,189.89,189.5,188.25,187.09,188.57,189.12,190.17,185.17,186.66,187.04,187.27,180.78,176.8,176.67,181.22,168.53,167.18,171.8,174.44,169.8,168.61,169.1,176.65,180.87,178.56,177.9,180.19,183.09,183.24,182.2,191.73,190.6,210.02,234.05,294.02,261,260.33,241.8,236.01,248.08,249,256.66,252.5,273.25,264.17,264,259.26,254.56,260,260,255
金山办公,sh.688111,5026884,3598289,3504069,3316117,2802923,2702029,2508144,2301396,2869939,3226918,3567101,2553443,4517562,2830332,4216204,3540845,2306797,3315164,5109641,3213711,3146190,6742940,6306604,5055637,3312982,2366928,2075860,2161216,4271760,6056966,2796039,2616428,3557548,3754248,2400696,2772363,5305203,6539531,5331981,4426820,16594113,17451743,18329103,10951009,8021937,8113745,8728020,5235629,7439993,10547646,10428363,7845029,5098899,3668712,5902114,5760872,4729981,4406967
中芯国际,sh.688981,48.99,48.61,47.95,47.7,47.4,47.01,49.5,48.35,48.8,49.3,48.61,49.63,49.49,49.46,48.75,47.6,46.5,47.12,47.3,46.8,47.15,46.85,48.04,46.67,45.79,45.6,46.02,44.81,44.88,44.5,43.3,43.2,42.68,43.28,43.72,43.98,43.73,45.05,45,47,53,71.99,72.19,85.1,71.03,69.48,74.99,71.14,77,75.8,94,94.99,93.04,91.45,94.56,93,92.78,91.79
中芯国际,sh.688981,49.11,48.42,47.29,47.27,47.22,47.48,48.49,48.78,49.2,48.95,49.68,49.46,49.46,48.75,47.78,46.54,47.13,47.35,46.72,47.36,47.26,48.24,46.78,46.26,45.53,45.97,45.08,44.87,44.84,43.33,42.98,42.4,43.17,43.74,43.86,43.43,44.77,44.9,46.36,49.99,59.99,71.99,83.89,75.02,69.48,75.6,74.18,74.09,75.12,90.14,97.48,96.04,92.31,94.56,93.7,93.1,92.3,85.82
中芯国际,sh.688981,49.79,49.22,48.48,47.96,47.56,47.9,49.81,48.98,49.2,49.46,49.75,49.73,49.98,49.59,48.98,47.85,47.2,47.45,47.35,47.66,47.62,48.48,48.2,47.18,46.26,46.1,46.08,45.45,45.09,44.7,43.89,43.26,43.47,44.14,43.99,44.05,44.79,46,46.49,50,59.99,71.99,86.39,86.35,73.7,76.5,81.53,76.76,77.64,90.14,107.76,99.04,95.5,96.47,98.66,93.98,96.55,92.78
中芯国际,sh.688981,48.9,48.1,47,46.3,47.1,46.76,48.47,48,48.74,48.8,48.56,49.07,49.14,48.47,47.76,46.03,46.12,46.88,46.54,46.69,46.99,46.71,46.71,45.65,45.51,45.52,45.08,44.63,43.95,42.9,42.95,42.4,42.5,43,43.28,43.37,43.37,44.82,44.77,47,53,70,70.5,70.01,68.8,67.77,73.48,70.88,74.02,74.44,91.9,92.89,91.54,91.17,92.52,92,92.29,84.85
中芯国际,sh.688981,16189340,19364443,23308540,17710337,8737759,12573162,27180510,14457335,14211885,13024239,18511967,11840255,10659070,14270864,14246889,23463783,13026643,8983580,11060111,9252275,10616556,21516765,15262960,17009497,12154206,9670392,10370876,9151976,12435144,21176827,13516519,14155491,15417352,14436532,10373382,9443665,21415927,24758346,26017272,29887423,109263571,97665202,347531503,210401638,136273205,136415689,140402142,85429352,88209878,209387553,279429314,185913485,138395627,112506040,110646384,72566797,113267083,160870949
