﻿0,1,2
片仔癀,万华化学,中国石化
山西汾酒,中国移动,中信证券
中微公司,中国中免,三一重工
金山办公,韦尔股份,招商银行
,兆易创新,保利发展
,海光信息,中国联通
,,特变电工
,,上汽集团
,,中国船舶
,,恒瑞医药
,,国电南瑞
,,通威股份
,,海尔智家
,,伊利股份
,,长江电力
,,隆基绿能
,,中国神华
,,兴业银行
,,陕西煤业
,,农业银行
,,中国平安
,,交通银行
,,中国中铁
,,工商银行
,,中国太保
,,中国人寿
,,长城汽车
,,邮储银行
,,中国建筑
,,中国电建
,,中国电信
,,中国石油
,,紫金矿业
,,中远海控
,,中国核电
,,中国银行
,,药明康德
,,海天味业
,,中芯国际
