code,2024-08-02,2024-08-05,2024-08-06,2024-08-07,2024-08-08,2024-08-09,2024-08-12,2024-08-13,2024-08-14,2024-08-15,2024-08-16,2024-08-19,2024-08-20,2024-08-21,2024-08-22,2024-08-23,2024-08-26,2024-08-27,2024-08-28,2024-08-29,2024-08-30,2024-09-02,2024-09-03,2024-09-04,2024-09-05,2024-09-06,2024-09-09,2024-09-10,2024-09-11,2024-09-12,2024-09-13,2024-09-18,2024-09-19,2024-09-20,2024-09-23,2024-09-24,2024-09-25,2024-09-26,2024-09-27,2024-09-30,2024-10-08,2024-10-09,2024-10-10,2024-10-11,2024-10-14,2024-10-15,2024-10-16,2024-10-17,2024-10-18,2024-10-21,2024-10-22,2024-10-23,2024-10-24,2024-10-25,2024-10-28,2024-10-29,2024-10-30
sh.600028,0.004573170731707355,-0.02276176024279203,0.0,0.012422360248447077,-0.003067484662576622,0.009230769230769171,0.001524390243902542,0.010654490106544809,0.001506024096385644,0.006015037593984967,-0.0014947683109119096,0.005988023952095814,-0.00892857142857137,0.0015015015015014694,0.010494752623688198,0.011869436201780426,0.01026392961876824,0.04208998548621191,-0.011142061281337058,-0.032394366197183035,-0.008733624454148544,0.02349486049926581,-0.04304160688665708,-0.01199400299850076,-0.0060698027314112345,0.007633587786259515,-0.0333333333333333,0.018808777429467103,-0.030769230769230795,0.004761904761904801,-0.02211690363349126,0.032310177705977265,-0.010954616588419312,0.009493670886075887,0.015673981191222656,0.04320987654320978,-0.0059171597633136145,0.004464285714285751,-0.013333333333333312,0.045045045045045015,0.008620689655172358,-0.06267806267806261,0.045592705167173224,-0.018895348837209287,0.007407407407407381,-0.02941176470588238,-0.0015151515151514828,-0.013657056145675243,0.010769230769230812,-0.0030441400304414704,0.007633587786259515,-0.0015151515151514828,-0.01517450682852802,-0.006163328197226508,-0.0015503875968991916,-0.032608695652173905,-0.006420545746388448
sh.600030,-0.018896833503574947,-0.004685059864653818,-0.0005230125523013369,-0.007326007326007356,0.005271481286241509,-0.009438909281594111,-0.0010587612493382515,0.010068892421833477,-0.011017838405036584,0.015915119363395073,-0.002610966057441105,-0.0031413612565446216,-0.005777310924369719,-0.0005282620179608036,-0.010042283298097318,0.019754404698344954,-0.033507853403141385,0.0,-0.001625135427952391,0.019533369506239795,0.02660989888238425,-0.01918092275790552,0.010570824524312858,0.0,-0.0005230125523013369,-0.0026164311878597965,-0.004197271773347235,-0.00526870389884096,0.006355932203389884,-0.006315789473684263,0.0021186440677967533,0.001057082452431267,0.021119324181626112,-0.0025853154084798714,0.0010368066355624455,0.07819782496116011,0.016330451488952923,0.06238185255198489,0.10008896797153025,0.0998786898503841,0.10000000000000009,0.014371657754010685,-0.08566721581548604,0.015135135135135197,-0.025204117855875074,-0.02694828841951937,-0.011601796407185581,-0.00946611132146914,0.06689602446483181,-0.016123253314224265,0.00764748725418794,-0.003614022406938974,-0.010518679724338018,0.008064516129032216,-0.0003636363636364205,-0.009457984721716916,0.00844656628718327
sh.600031,-0.008238276299112739,-0.014696485623003222,0.0025940337224384514,-0.010349288486416567,-0.0006535947712419322,0.007848266841072662,-0.004542504866969519,-0.005215123859191661,-0.017693315858453445,0.02134756504336226,-0.0013063357282822566,0.021582733812949645,0.0006402048655570784,0.0,-0.005118362124120286,0.025723472668810195,0.0037617554858935596,0.002498438475952476,0.004361370716510921,-0.014888337468982642,0.015113350125944598,0.011786600496277774,0.004291845493562249,-0.001831501831501684,0.004892966360856165,-0.018259281801582514,-0.05517668939863601,0.0032808398950130535,0.018312622629169467,-0.004495825305073878,-0.014193548387096815,0.036649214659685896,-0.01010101010101011,0.010841836734693874,0.02460567823343841,0.026477832512315475,0.0017996400719854579,0.02934131736526958,0.036649214659685805,0.05948372615039275,0.028601694915254383,-0.07672502574665303,0.036252091466815316,-0.03606027987082875,0.041876046901172526,-0.020364415862808093,-0.006017505470459487,-0.024215740231150317,0.015228426395939063,-0.013333333333333246,0.002252252252252204,-0.005617977528089967,-0.014689265536723051,0.0005733944954127299,0.02120343839541553,-0.00897867564534232,-0.008493771234428005
sh.600036,-0.013145826964231113,-0.005576208178438653,-0.012461059190031218,-0.0037854889589905676,0.011082963901203339,0.012527403695584046,-0.006495515001546578,-0.005603985056039732,-0.002504696305573007,0.028248587570621424,0.011904761904761923,0.008144796380090592,0.0017953321364450978,-0.007168458781361855,0.0018050541516244033,0.012012012012012184,0.0020771513353115808,-0.0020728457210541984,-0.0005934718100891134,-0.022268408551068885,-0.02368660795627091,-0.006842923794712251,-0.00970873786407763,-0.008222643896268233,-0.005102040816326535,0.0016025641025641253,-0.03232000000000005,-0.0016534391534390595,-0.003643590592911659,0.004986702127659646,0.012239497188223652,0.0166666666666666,-0.009321761491481811,0.003893575600259604,0.01454427925016158,0.05543166613571207,0.030787805614246783,0.036017569546120176,0.0070661390616167325,0.055571147909065303,0.0635469290082425,-0.07475000000000005,0.04647392596595512,-0.007745933384972817,0.023419203747072563,-0.021103483346046233,0.025974025974025976,-0.025569620253164508,0.014549233567160175,-0.005121638924455717,0.008236808236808243,0.01250957365330597,-0.008825012607160725,-0.005342152124141461,-0.014833759590792795,0.002076843198338481,-0.018652849740932613
sh.600048,-0.020094562647754336,-0.003618817852834664,0.03874092009685234,-0.012820512820512754,0.0011806375442738827,0.008254716981132108,-0.03391812865497087,-0.0036319612590798257,-0.008505467800729074,0.0061274509803922435,-0.003654080389768713,0.0,-0.01711491442542794,-0.021144278606965057,0.011435832274459956,-0.006281407035175857,0.013906447534766046,-0.02743142144638401,-0.01153846153846152,0.0,0.05317769130998693,-0.03325123152709355,0.00509554140127389,-0.024081115335868125,0.01168831168831167,-0.012836970474967862,-0.019505851755526705,-0.011936339522546401,0.008053691275167732,-0.0026631158455392243,-0.0013351134846461665,0.020053475935828804,0.03669724770642205,0.01769911504424786,0.0037267080745340816,0.01113861386138612,0.01468788249693993,0.10012062726176117,0.09978070175438598,0.09970089730807578,-0.003626473254759669,-0.100090991810737,0.014155712841253668,0.021934197407776735,0.05268292682926821,0.01297497683039857,0.04208600182982625,-0.0939420544337138,0.014534883720930267,0.02769818529130842,0.018587360594795637,-0.0018248175182482983,-0.020109689213893864,-0.0009328358208955024,0.01867413632119508,-0.02658111824014674,0.004708097928436979
sh.600050,0.00847457627118645,-0.021008403361344463,-0.015021459227467872,-0.004357298474945441,0.004376367614879556,-0.01525054466230943,-0.013274336283185756,0.0022421524663676653,0.006711409395973211,0.006666666666666722,0.044150110375275976,0.012684989429175392,-0.006263048016701514,0.0,0.0,0.0063025210084034135,0.0,0.004175365344467552,-0.00415800415800407,-0.02296450939457209,-0.008547008547008555,-0.0021551724137930574,0.008639308855291584,0.002141327623126293,-0.012820512820512739,-0.002164502164502118,-0.013015184381778849,0.002197802197802151,-0.013157894736842021,-0.006666666666666722,0.0,0.002237136465324536,-0.0022321428571430075,0.0044742729306488736,0.0,0.04677060133630288,0.021276595744680774,0.027083333333333313,0.00811359026369169,0.07645875251509053,0.03551401869158886,-0.06678700361010832,0.04642166344294008,-0.051756007393715386,0.0233918128654971,-0.017142857142857116,0.0,-0.01744186046511625,0.01972386587771196,-0.001934235976789127,-0.0038759689922481513,0.0,-0.017509727626459116,0.001980198019801938,0.01976284584980248,-0.00968992248062012,-0.019569471624266248
sh.600089,-0.008160237388724125,-0.013462976813762134,0.012888551933282786,0.008982035928143787,-0.005934718100890213,-0.007462686567164152,0.002255639097744313,-0.008252063015753895,-0.017397881996974313,0.010777521170130913,-0.0022848438690023713,-0.0030534351145037517,-0.012251148545176121,-0.012403100775193809,-0.019623233908948195,-0.004003202562049697,0.011254019292604547,-0.031796502384737704,0.01067323481116591,0.004874086108854486,0.02021018593371059,-0.02456418383518215,0.012997562956945584,-0.0048115477145148754,0.0016116035455277658,-0.008045052292839874,-0.01946472019464722,-0.01654259718775842,0.0025231286795626036,0.004194630872483281,-0.013366750208855483,0.0050804403048263095,0.010109519797809689,0.004170141784820595,-0.006644518272425108,0.03929765886287616,0.023330651649235794,0.029874213836477908,0.04503816793893129,0.06939371804236677,0.023224043715846986,-0.09145527369826442,0.021307861866274865,-0.026618705035971295,0.0014781966001479194,-0.03173431734317354,-0.015243902439024336,-0.022445820433436466,0.030087094220110768,0.013066871637202148,0.00758725341426401,0.05948795180722899,-0.026297085998578607,0.06131386861313868,-0.018569463548830784,0.010511562718990916,-0.019417475728155296
sh.600104,-0.012219959266802425,-0.002061855670103171,-0.018595041322314022,-0.004912280701754406,-0.007052186177715067,-0.015625000000000045,-0.008658008658008602,-0.006550218340611343,-0.023443223443223464,0.00975243810952744,-0.028231797919762314,0.0007645259938837758,-0.01604278074866303,-0.0031055900621118726,-0.013239875389408094,0.026045777426992902,-0.009230769230769171,-0.00931677018633548,-0.016457680250783625,0.0,0.0007968127490039671,-0.031050955414012784,0.004930156121610558,-0.011447260834014764,0.004962779156327585,0.010699588477366172,-0.011400651465797948,-0.028830313014827132,0.0025445292620866105,-0.012690355329949268,-0.01028277634961433,0.019913419913419796,0.0042444821731749335,0.0025359256128486356,0.0025295109612142614,0.028595458368376774,0.026982829108748982,0.05254777070063695,0.026475037821482573,0.07811348563006636,0.019138755980861198,-0.08853118712273644,0.024282560706401772,-0.017959770114942528,-0.0029261155815654095,-0.031548055759354474,-0.009848484848484773,-0.020657995409334322,0.0242187499999999,-0.0129672006102212,0.013910355486862421,0.025152439024390252,-0.020074349442379152,0.012898330804248856,0.007490636704119823,-0.011152416356877219,-0.009022556390977519
sh.600150,-0.00024254183846708735,-0.04051431344007767,0.0010113780025286033,0.0002525890376357163,-0.01994949494949493,-0.019582581808812293,-0.0013140604467804773,0.03394736842105261,0.0007635530669381812,0.002288911495422083,-0.00532859680284176,0.005612244897959155,-0.01623541349568748,0.004383702939659662,0.0007702182284979211,-0.004361210877372874,0.0002576655501158982,-0.012622359608449304,0.016175319593008206,-0.004878048780487929,-0.010061919504643978,-0.09043523586135,0.0,0.0,0.0,0.0,0.0,0.0,0.0,0.0,0.0,0.0,0.03323782234957031,-0.06045479755962284,0.0005903187721368365,0.03362831858407082,0.051655251141552574,0.011940298507462624,0.02949852507374635,0.08804376139619699,0.03662915968398357,-0.07274826789838335,0.04931506849315079,-0.03916449086161893,0.004940711462450663,-0.03072763028515241,-0.0002536139994927215,-0.026382546930492114,0.020062532569046273,-0.002043422733077862,-0.0015357051446122927,0.006152268649064394,-0.02700636942675165,0.0007855459544383645,0.012820512820512872,-0.010074916042366329,0.008611691022964465
sh.600276,0.00524433849821213,0.011382499407161415,0.00609613130128952,-0.017711489163365138,0.010201660735468559,-0.003757632691404335,0.028524280999528542,-0.02200320880128354,-0.00398406374501996,0.00988235294117651,0.004659832246039043,-0.023423005565862662,0.003324625979577311,0.00142011834319532,0.038288820609784856,-0.00705668108354205,-0.006877579092159495,0.006463527239150534,-0.002293577981651409,0.018850574712643686,-0.004287003610108252,-0.005211874008611012,0.015489749430523912,-0.0015702108568865026,0.011008762075938037,-0.013333333333333365,0.0033783783783783465,-0.0015712682379349112,0.021357913669064813,-0.010125467752586416,-0.004447409384033705,0.007817735090462236,-0.00265957446808505,-0.05088888888888887,0.0,0.022243034418168946,0.004122766834631398,0.05976277372262767,0.04778303917348254,0.07436318816762526,0.07093690248565968,-0.07730762363863593,0.01722136222910218,-0.045082746813772064,0.02370517928286848,-0.01537264059155476,-0.0280632411067194,0.0008133387555916866,0.02559934985778135,0.001584786053882833,0.003955696202531561,-0.001379038613081172,-0.039850069047149266,-0.01376618039860287,0.012291666666666737,-0.008437950195513556,-0.02034039020340384
sh.600309,-0.003367003367003367,-0.022972972972973012,0.0,0.016459197786998586,0.04095795346305627,-0.011633986928104583,-0.009125777013622507,-0.025493860117458578,-0.030269826051225968,-0.006214689265536691,0.004974417282546821,-0.0014142271248761748,-0.01132983996601044,0.004297378599054536,-0.002995293110825756,0.00944206008583686,-0.010770975056689414,-0.0035816618911174787,-0.001006470165348572,0.019286125503741928,0.030782264896921874,-0.029589041095890365,0.007199322416713593,-0.009250175192711936,0.00155608997029282,-0.002824858757062187,-0.003682719546742081,-0.009098663633778797,0.01391678622668578,0.0008490165558228707,0.001979358122437446,0.026668548045717517,0.03916987355689931,0.000793545827271555,-0.0002643055372009518,0.04375413086582932,-0.01570415400202628,0.03834276891405049,0.05836431226765791,0.06919564453811025,0.026609724047306254,-0.09461333333333338,0.006715362865221577,-0.04037448800468113,-0.0008536585365852827,-0.03051385328939338,-0.007427923958202233,-0.029680365296803696,0.022483660130718938,-0.0003835336231143076,0.00895255147717103,0.005450627455951231,-0.024205748865355366,0.004134366925064511,0.02418939783839418,-0.034673366834170744,-0.0111920874544508
sh.600406,-0.005462184873949538,0.002112378538233931,-0.008010118043844761,0.012324691882702896,-0.007136859781696125,-0.005073995771670082,0.0,0.011474713132171677,-0.018907563025210055,0.013704496788008577,-0.0016899028305873553,0.00253914515446476,-0.01224145208948935,0.003418803418803498,0.01788756388415665,-0.005857740585773934,-0.007575757575757713,-0.011026293469041477,-0.0008576329331046129,0.019742489270386302,0.03619528619528617,0.004061738424045404,0.025080906148867356,0.0015785319652722631,-0.006698187549251306,-0.003966679888933019,0.0011947431302270464,0.0015910898965791228,0.015091342335186617,0.0015649452269171635,0.009374999999999939,0.008900928792569675,-0.013808975834292268,0.0011668611435238267,-0.0038850038850038026,0.0019500780031201524,0.030362008563643347,-0.015867019267094756,0.0026871401151631587,0.05934150076569681,0.00831225153595941,-0.026881720430107527,-0.001104972375690519,-0.017330383480826047,0.008630393996247671,-0.03497023809523801,0.001927525057825642,-0.008849557522123774,0.023291925465838425,-0.01783004552352044,0.03089996137504831,-0.0044960659423005245,-0.0033872788859616054,-0.006797583081570986,0.02547528517110259,0.01408972932888404,-0.01608775137111522
sh.600436,-0.007615421227986646,0.011846522781774576,0.0014694032326871226,-0.010696705793260085,0.011051574012056272,-0.009795107178346764,-0.006021217624008367,-0.0009615384615384068,-0.0077959576515880865,0.018430497623435748,-0.011810648633203115,-0.012048192771084338,0.0,-0.004926829268292639,-0.0043629589685769635,0.012063023141309784,-0.008027243979567042,-0.00804315841098585,0.006279046771482302,0.007812116149953341,0.01691692667706708,-0.025840164916822544,0.0041830708661418445,-0.0068120558686597145,0.006612059607223939,-0.007500000000000006,0.0005432903640046113,-0.003455425017277209,0.009906875371507827,-0.009613498136158563,-0.009310618066560993,-0.03269346130773841,0.019121447028423715,0.019269776876267807,-0.016069651741293482,0.03655761743439343,0.029219512195121995,0.06820228446845815,0.04263909841157163,0.10000425550023405,0.0553599752408217,-0.09640762463343112,0.014604462474645008,-0.04586165533786485,-0.004861082009805962,-0.029772181749273565,-0.017361111111111112,-0.01435512367491166,0.03311673762043462,0.049709377982128954,-0.013801652892561998,0.002095030587446577,-0.010620505101187457,0.005324993660721794,0.012821590718009129,-0.016726850122442207,-0.005529759392148595
sh.600438,-0.0022358859698154918,0.023529411764705778,0.03065134099616851,0.012745618693574191,-0.00629260618772947,-0.014775725593667419,0.0,-0.005356186395286631,0.01615508885298873,0.04928457869634338,-0.03131313131313136,-0.013034410844629822,-0.01690438457474909,0.007522837184309542,-0.027200000000000082,0.004385964912280803,-0.007096069868995579,-0.009345794392523457,0.0011098779134294991,0.04379157427937911,0.009559214020180737,-0.042083114150447166,0.04338275672707299,0.010526315789473648,0.008854166666666757,-0.013422818791946388,-0.007849293563579204,-0.014240506329113901,0.017121455323702527,-0.006312467122567122,-0.01535203811540493,-0.015591397849462509,0.01365374112506827,-0.04040948275862069,-0.021336327905670915,0.043029259896729774,0.008800880088008809,0.0599781897491822,0.06790123456790124,0.09971098265895938,0.06789312308366188,-0.1000820344544708,-0.018687329079307206,-0.041802136553646174,0.014057198254968624,-0.0033460803059273555,-0.00383693045563558,-0.0356283100625902,0.019970044932601027,0.05971610376896715,0.03094688221709015,0.09991039426523299,0.0244399185336048,0.10019880715705778,0.04083845319840979,0.017708333333333263,-0.014670760832480373
sh.600519,-0.000512206383101544,0.017727092280486443,-0.003765930738079833,0.007688474407346732,0.01073119039208764,0.004270666601430009,-0.0004871937639198535,-0.00911496413898748,-0.006823564135178275,0.009615792825302586,0.003020555193462667,-0.004024594745667964,-0.0019081827365585555,-0.0036127980206928276,-0.005311869524118549,0.00350342186447293,-0.002113089138439147,-0.005616147308781915,-0.010733083108391987,0.01749460043196541,0.02114908370480443,-0.03339130675794597,0.010752688172043012,-0.0070921985815602835,0.0034857142857143636,-0.004897215420534216,-0.016452074391988557,0.002181818181818182,0.001451378809869376,-0.032565217391304385,-0.023167498089973364,-0.0285477674771687,-0.004657036861630824,0.0023156225218081464,-0.001883030571555248,0.08803525849358716,0.01923357132449373,0.09292351679771266,0.06553302812295621,0.07291922415909646,-0.014302059496567507,-0.07420197330237951,0.028116478074162246,-0.02134756097560975,-0.0018691705244269434,-0.02980043570808807,-0.020427859096027023,-0.01832512315270942,0.03104509567777338,-0.00791693705386116,0.009288330716902176,0.015878159429682438,-0.009760765550239206,0.004284241721427563,0.003945216024633602,-0.021329073482428185,0.00024810331544384976
sh.600690,-0.014925373134328438,-0.01780303030303026,-0.01735441573467024,0.000784929356357911,-0.004705882352941215,0.001576044129235725,0.014555468135326413,-0.015897634742148125,-0.017336485421591715,-0.0008019246190857888,-0.027287319422151013,-0.013613861386138544,-0.00710999581764959,-0.009267059814658756,0.023384353741496628,0.027420024927295394,0.00404367165386162,-0.030205396697543296,-0.009136212624584672,-0.010058675607711585,0.04699407281964434,-0.012535382126971239,0.03112203112203104,0.005162827640984869,-0.0023706045041485073,-0.007920792079207893,-0.029141716566866285,-0.0016447368421052282,0.033772652388797376,-0.007968127490039953,0.015261044176706932,0.03283227848101259,0.03255457679050178,0.010014836795252209,0.00918105031215571,0.008005822416302724,0.026714801444043392,0.04781997187060476,0.010067114093959755,0.06810631229235871,0.030171073094867773,-0.059782608695652086,0.029865125240847775,-0.01933270969753667,0.02321144674085852,-0.021441889372280958,-0.02191171800571603,-0.016883116883116868,0.02807133421400257,0.0009637006103437564,0.03241335044929402,-0.01865091700341938,-0.010136205258156486,-0.013759999999999991,-0.007787151200519208,-0.0016350555918900314,-0.020635440550278498
sh.600809,-0.0069011950850024675,0.036271186440677894,0.008614109693599457,0.032432432432432434,0.0204188481675393,-0.007183170856849695,-0.011421188630490997,-0.012598672173140242,-0.01763024142312571,-0.0012934518997575267,-0.008148507905671528,0.0012513601741022294,-0.010107047763951604,-0.007465554152714417,-0.011835628560367318,-0.004981250349806831,-0.011643604454944275,0.000170735871606631,-0.0576988733356095,0.006038647342995169,0.06140456182473,-0.05310184923372739,0.013198757763975203,-0.012142646625405259,0.003639835312369385,-0.0250297265160522,-0.02487956582718466,-0.0016259145769494773,0.0015659254619480112,-0.03595997498436523,-0.025624391826143476,-0.016045272969374146,0.036200013532715306,0.007117670105785579,0.001620955715489853,0.06842309684101516,-0.003635262041805651,0.10003040437823058,0.10000000000000002,0.10000502537815958,0.05441089131527263,-0.10000000000000005,0.007847101867899072,-0.047719130642464684,0.013994783306581018,-0.04620331437051696,-0.011980706394896542,-0.033123359580052504,0.03713556653455673,0.011045385541537901,0.01480791135963557,0.015408163265306175,-0.03150437141995784,0.011673151750972763,0.04856410256410256,-0.005526483102655624,-0.03068751844201834
sh.600887,-0.0024489795918366825,-0.0049099836333879295,-0.00041118421052638006,-0.008227067050596434,0.011613438407299923,-0.008200082000819979,0.006614303431169911,-0.01067761806981526,-0.0103777501037775,0.00922818791946304,-0.001246882793017356,-0.004993757802746608,-0.015474696779590172,-0.006372132540356779,-0.015391192817443328,0.006947459834997834,-0.01509271237602421,-0.008756567425569146,-0.017226148409894018,0.02786516853932589,-0.010494097070397987,-0.0437472381794078,0.02634011090573014,-0.0018009905447996014,0.01578709968425791,-0.011545293072824068,-0.008535489667565196,-0.0054372451291346165,0.012756264236902102,-0.016644174538911427,-0.013266239707227775,-0.009272137227630936,0.03135236312587731,-0.002722323049001757,-0.004094631483166508,0.0621288259479214,0.01204301075268822,0.08457288567785798,0.08150470219435745,0.05326086956521735,-0.0037839697282421544,-0.08390883977900551,0.04108556351300414,-0.00977552498189716,0.0003656307129798175,-0.03143274853801167,-0.013207547169811375,-0.024091778202676828,0.03448275862068962,-0.0071969696969696115,0.015261350629530658,0.015031942878617142,-0.018141429100333284,0.0060331825037707445,0.01649175412293858,-0.022123893805309786,-0.0030165912518853055
sh.600900,0.003984063745019835,-0.01124338624338624,-0.014715719063545076,0.009843856076035273,0.001008403361344576,-0.008059100067159234,-0.012186865267433969,0.002741603838245437,0.009911141490088829,0.008460236886632826,-0.006040268456375829,0.003713706954760278,-0.0026908846283216228,0.003372681281618935,0.016470588235294067,-0.010912698412698357,-0.003009027081243726,-0.0006706908115358676,0.0006711409395973011,-0.015425888665325313,0.0006811989100817293,0.011232130701157313,-0.020195220464490116,0.0013740982480247045,-0.0010291595197254747,-0.0006868131868131721,0.008591065292096219,-0.006814310051107422,-0.04631217838765001,0.002158273381294918,0.01579325197415654,0.0007067137809187128,0.0003531073446326981,-0.006353688669255197,0.0017761989342806649,0.019858156028368875,0.005910987482614678,0.006913238852402326,-0.004806041881222128,0.03656433252845817,-0.02762063227953417,-0.022929500342231287,0.02206654991243429,0.001028101439342054,0.004792879150975713,-0.016013628620102298,-0.00588642659279772,-0.014280738418669458,0.004593639575971697,-0.016531832571227537,0.00429184549356214,-0.0007122507122506971,-0.00213827512473267,-0.01642857142857146,0.0,0.006172839506172902,0.0
sh.600941,0.014949533422205365,-0.010882822028332831,-0.008915868348667476,-0.005263661594410922,0.0,-0.01866461420050027,-0.018235294117647054,0.005592170960655105,0.022442899702085312,0.01923076923076927,-0.0007623403849818782,0.0003814609956132582,0.002383222116301239,-0.0061816452686638676,0.010047846889952125,9.474182851733885e-05,0.004641909814323559,0.01527581329561532,0.0002786291446085366,-0.012070566388115107,-0.013251879699248221,-0.019906657776931035,0.0028182701652088634,-0.0039732532222114215,-0.010897061685152797,0.002360810544953857,-0.016094210009813547,0.016556951924994977,-0.024529042386185244,-0.005632669483001431,0.014060287274934257,0.004588528678304177,-0.00784430543143672,0.014811849479583706,-0.0034516765285996895,0.031073725878278086,-0.002783376523658624,0.009913378248315698,-0.006099304298103503,0.05187458049669188,0.004010938924339086,-0.03195932449609584,0.020446445319827353,-0.002113970588235331,0.0205397439439993,-0.02851985559566784,-0.00510962467484204,-0.013540013073116097,0.013820522529344886,-0.007469654528478031,-0.018062088428974617,-0.0002874113814907179,-0.0204120747484427,-0.0028370181960476622,0.0035318355734327424,-0.0008798514028742145,-0.0001956947162426225
sh.601012,-0.010438413361169003,-0.009142053445850968,0.025550035486160357,-0.015224913494809611,-0.0056219255094870045,-0.02402826855123674,0.0086893555394641,0.005743000717875095,-0.01356174161313344,0.01808972503617945,-0.024875621890547237,-0.017492711370262405,-0.013353115727002946,-0.006015037593984967,-0.02571860816944023,0.0015527950310558673,0.0069767441860465,0.018475750577367223,-0.0068027210884353635,0.031963470319634694,0.018436578171091445,-0.04489500362056488,0.02426080363912057,0.011843079200592164,0.006583760058522301,-0.016715116279069797,-0.016260162601625935,-0.013523666416228378,0.017517136329017413,0.005239520958083854,-0.021593447505584448,-0.01369863013698628,0.02777777777777773,-0.039039039039039006,-0.005468750000000022,0.06755695208169674,0.011037527593819011,0.05967976710334791,0.09615384615384617,0.1002506265664159,0.09794988610478374,-0.100103734439834,-0.023054755043227786,-0.04424778761061947,0.033950617283950664,-0.026865671641791003,-0.022699386503067544,-0.020087884494664175,0.05381165919282511,0.064437689969605,0.04968589377498557,0.0652883569096844,-0.05005107252298248,0.09999999999999996,-0.018572825024438053,-0.04183266932270916,0.000519750519750601
sh.601088,-0.0076122811469169546,-0.016364101252876517,-0.008318170002599436,0.019134993446920157,0.00025720164609048377,0.004114168166623723,0.006402048655569783,-0.005597964376590302,0.001279426816786189,0.02708918987988743,0.008459815874595756,-0.004441154700222051,-0.016356877323420164,0.0020156210632402472,0.004023133014835217,0.008765339343851776,0.0017378351539225493,0.033457249070632,-0.006954436450839478,-0.015938179183771956,-0.004907975460122769,0.013070283600493247,-0.021908471275559848,-0.01294176207068201,-0.02370146243066056,-0.017561983471074374,-0.02155625657202945,0.007254164427727113,-0.020005334755934915,0.023679912901469716,0.0063812815740495075,0.01030383091149275,-0.006276150627615115,0.013157894736842105,0.01558441558441562,0.053196930946291514,0.014570179698882987,0.022738152225945326,-0.021530540603791122,0.04281272422865341,-0.026605504587156048,-0.0492459943449575,0.06443618339529124,-0.008149010477299217,0.0016431924882629174,-0.020154675415983113,-0.006696962449174866,-0.013002648687695621,0.024152232251768598,-0.01572177227251064,0.002904162633107392,-0.009411196911196925,0.005846528623629769,-0.008718818115766516,0.004153432689958507,-0.0029197080291971907,-0.013177159590043903
sh.601166,-0.007211538461538521,-0.008474576271186475,-0.010378510378510267,0.006785934608266467,0.007352941176470649,-0.004257907542579093,-0.0054978619425778774,0.0024570024570024045,-0.0024509803921568107,0.019041769041768963,0.007836045810729294,0.013755980861244046,-0.006489675516224156,-0.004156769596199542,0.002981514609421629,0.029726516052318668,0.009237875288683611,-0.008581235697940625,-0.0069244085401037195,-0.030214991284137103,-0.010784901138406213,-0.0006056935190794405,-0.008484848484848519,-0.007334963325183435,0.0036945812807883177,0.0055214723926380275,-0.02562538133007931,0.0062617407639323506,-0.016801493466085848,0.014556962025316481,-0.0037429819089208043,0.0062617407639323506,-0.0012445550715618901,0.012461059190031107,0.019076923076923,0.03743961352657011,0.024447031431897654,0.04829545454545442,-0.005962059620596176,0.05070883315158123,0.03840166061235091,-0.06996501749125447,0.0424502955400322,-0.020618556701030855,0.03473684210526316,-0.015768056968463822,0.03152454780361754,-0.01953907815631265,0.001532958610117585,-0.018877551020408213,-0.004680187207488292,0.0010449320794148158,0.0005219206680585367,-0.0015649452269171171,-0.00626959247648908,-0.0005257623554152476,-0.012624934245134244
sh.601225,0.009067357512953405,-0.01026957637997441,-0.021184608733246797,0.016342756183745626,-0.01781833985223816,0.00044247787610610665,0.02122954444935871,0.0025985275010826643,-0.005183585313174836,0.034303082935301744,0.01805205709487824,0.002061855670103122,-0.02551440329218111,-0.0050675675675676095,-0.001697792869269913,0.005527210884353699,-0.0008456659619450138,0.016504443504020336,-0.004579517069109052,-0.0004182350480970959,0.031799163179916386,0.005677210056772124,-0.0072580645161290204,-0.008123476848090954,-0.01433251433251439,-0.05276277523888656,-0.025000000000000012,0.01844354475933424,-0.026943462897526475,0.006354970494779871,0.004510599909787905,0.04400538841490797,-0.009032258064516166,0.01953124999999997,0.01958280119199663,0.05845511482254706,0.0027613412228796957,0.0515342250196695,-0.0011223344556678316,0.032958801498127306,-0.05148658448150827,-0.05657492354740063,0.03646677471636947,-0.007036747458952296,0.01771653543307098,-0.03249516441005802,0.0007996801279488033,-0.0023971234518578616,0.00760913095714863,-0.006359300476947541,0.013199999999999932,-0.009869719699960523,0.0011961722488038732,-0.004380724810832315,0.01,-0.009900990099009901,-0.011200000000000045
sh.601288,0.004319654427645888,-0.004301075268817303,-0.012958963282937282,-0.00437636761487975,0.004395604395604497,0.008752735229759306,0.006507592190889232,0.004310344827586307,0.0,0.00429184549356214,0.01709401709401711,0.02731092436974788,0.0061349693251534256,-0.010162601626016224,0.008213552361396311,0.0020366598778003638,0.0,0.012195121951219613,-0.008032128514056231,-0.04655870445344138,-0.04033970276008501,0.03761061946902673,-0.044776119402985065,0.008928571428571237,-0.004424778761061853,0.002222222222222175,0.0022172949002216822,0.017699115044247805,-0.030434782608695584,0.00448430493273553,-0.008928571428571435,0.013513513513513424,0.0,0.008888888888888898,0.017621145374449355,0.0389610389610389,0.008333333333333342,0.010330578512396658,-0.03885480572597127,0.021276595744680774,-0.008333333333333342,-0.018907563025210055,0.03211991434689515,0.0020746887966804537,0.04140786749482405,-0.021868787276342012,0.020325203252032447,-0.007968127490039672,-0.004016064257028205,-0.024193548387096794,0.004132231404958773,-0.002057613168724419,0.004123711340206281,-0.010266940451745343,-0.01244813278008309,0.0063025210084034135,-0.01670146137787058
sh.601318,-0.016231474947071226,0.004304160688665703,-0.026190476190476226,-0.004889975550122145,0.0029484029484028854,-0.005144536991670771,0.0002462447672986459,0.00393894633185632,-0.0071113290828837454,0.020498888614472667,0.00701839303000966,0.011055034847392474,-0.0035654860946041974,0.0011927480916029856,-0.006194901119847463,0.03931910812754737,0.0,-0.004613610149942395,0.0009269988412514287,-0.013197499421162313,0.033083059596433685,-0.013172836702248428,-0.005523590333716961,-0.013191390881740345,0.018292682926829295,-0.003915246430216529,-0.013179190751445094,-0.0004686035613871398,-0.0032817627754335083,0.001881467544684814,0.006807511737089182,0.018885521100489678,0.0075514874141876034,0.0027254144901203143,-0.0013590033975083844,0.05466092084372866,0.018494623655913967,0.06461148648648654,0.029353431178103864,0.1000000000000001,0.08127517954107538,-0.09768346023003392,0.05026929982046673,-0.016410256410256424,0.01963851233924231,-0.025225839440940923,0.0033222591362127092,-0.006622516556291435,0.0031578947368421004,-0.004896817068905232,0.0028119507908612247,0.02190676480897301,-0.0036014405762305065,-0.006884681583476739,-0.003466204506065907,0.0022608695652174358,-0.028804442130834697
sh.601328,0.002702702702702645,-0.006738544474393507,-0.009497964721845357,0.0013698630136986009,-0.0027359781121750444,0.004115226337448594,0.00683060109289615,0.010854816824966088,0.010738255033557057,0.009296148738379733,0.017105263157894842,0.024579560155239263,0.005050505050505055,0.0,0.0037688442211055587,-0.0012515644555694352,-0.0037593984962406325,0.010062893081760903,-0.011207970112079574,-0.04785894206549128,-0.05952380952380943,-0.007032348804500803,-0.02549575070821526,-0.010174418604651203,-0.0014684287812040803,0.0,-0.010294117647058735,0.0014858841010400871,-0.029673590504451064,0.0015290519877675516,-0.010687022900763267,0.010802469135802375,0.0,0.00610687022900764,0.013657056145675243,0.06736526946107788,0.011220196353436195,0.041608876560332846,-0.03595206391478024,0.022099447513812175,-0.0067567567567568525,-0.04081632653061222,0.049645390070922064,-0.004054054054054087,0.021709633649932177,-0.021248339973439594,0.03256445047489826,-0.014454664914586112,-0.0026666666666666098,-0.020053475935828922,0.0054570259208731285,-0.005427408412483044,0.001364256480218252,-0.0027247956403269173,-0.008196721311475478,-0.004132231404958589,-0.0027662517289073945
sh.601390,-0.007961783439490418,-0.012841091492776896,-0.008130081300813123,-0.006557377049180334,-0.008250825082508222,0.0,-0.013311148086522475,0.005059021922428373,-0.005033557046979908,0.011804384485666152,0.0033333333333332624,0.01661129568106321,-0.008169934640522847,-0.006589785831960467,0.008291873963515725,-0.0016447368421052282,0.006589785831960467,-0.009819967266775859,-0.028099173553718996,-0.025510204081632563,0.005235602094240726,-0.05034722222222223,-0.014625228519195626,-0.024118738404452673,0.005703422053231987,-0.00756143667296787,-0.017142857142857116,-0.0038759689922481513,-0.009727626459143934,-0.001964636542239644,-0.011811023622047341,0.003984063745020013,0.01785714285714283,0.00974658869395708,0.0,0.03667953667953676,0.05027932960893847,0.05319148936170226,0.02020202020202007,0.08415841584158427,0.04414003044140031,-0.0903790087463557,0.09935897435897437,-0.039358600583090445,0.018209408194233705,-0.02682563338301039,0.007656967840735041,-0.021276595744680802,0.02018633540372669,0.016742770167427614,-0.005988023952095814,0.009036144578313329,-0.01940298507462685,-0.0015220700152208029,-0.0015243902439024066,-0.013740458015267154,-0.010835913312693542
sh.601398,0.0,-0.0017006802721088073,-0.011925042589437867,0.0034482758620690453,0.00859106529209619,0.008517887563884127,0.011824324324324372,0.0016694490818029693,0.0033333333333332624,0.004983388704318978,0.014876033057851217,0.02117263843648207,0.01913875598086126,-0.014084507042253499,0.019047619047619067,0.006230529595015582,-0.0046439628482972525,0.015552099533437098,-0.006125574272588061,-0.04160246533127896,-0.038585209003215326,-0.006688963210702346,-0.0303030303030304,-0.008680555555555525,-0.014010507880910695,0.0017761989342806016,-0.0053191489361701,0.010695187165775331,-0.022927689594356242,0.0,0.0036101083032490204,0.021582733812949662,-0.0052816901408449584,0.003539823008849482,0.008818342151675453,0.048951048951048994,0.006666666666666672,0.026490066225165587,-0.03064516129032264,0.02828618968386022,-0.009708737864077607,-0.013071895424836612,0.03807947019867542,0.0,0.03189792663476877,-0.03245749613601236,0.015974440894568776,-0.011006289308176145,0.004769475357710691,-0.025316455696202552,-0.0032467532467533216,0.0,0.0032573289902280886,-0.006493506493506499,-0.008169934640522847,-0.0016474464579902264,-0.008250825082508222
sh.601601,-0.024373730534867938,0.010409437890353946,-0.05734890109890116,-0.013843351548269545,-0.0003694126339121375,0.009977827050997767,0.0021953896816685795,0.00730193501277836,0.0018122508155128927,-0.001085383502170808,0.007968127490039799,0.027667984189723435,-0.003496503496503546,-0.017894736842105317,-0.004644515898535156,0.030150753768844216,0.00766550522648092,-0.00034578146611347033,-0.009339328951919737,-0.031075418994413427,0.06810810810810813,0.005398110661268561,-0.008389261744966443,-0.0030456852791878124,0.026816021724372,0.02446280991735532,-0.03000968054211035,-0.005988023952095799,-0.002677376171352018,-0.01275167785234896,0.007817811012916277,0.026981450252951122,0.0006568144499178842,-0.006235641614702912,0.014200792602377797,0.06707912732009125,-0.008849557522124085,0.06773399014778335,0.03143021914648222,0.09309477215543746,0.04245524296675183,-0.10009813542688907,0.03162486368593249,-0.015856236786469382,0.02900107411385602,-0.02270354906054273,-0.011748998664886644,0.004052958659821632,0.022604951560818178,0.003947368421052594,0.011533420707732762,0.02513604560767035,-0.014155712841253849,-0.008717948717948806,-0.006207966890843117,0.005465903175429485,-0.037276727931659454
sh.601628,-0.015513496742165575,0.018594390167034347,-0.06064356435643567,-0.024044795783926234,-0.0023624704691191456,-0.006765899864681979,0.004427792915531302,0.006442861987114319,-0.008086253369272184,0.02581521739130428,0.01589403973509935,0.023142112125163,-0.0038228735266008598,-0.002558362647905286,0.006412311638345601,0.021344377190188012,0.012164691203992531,0.010785824345146203,-0.006097560975609627,-0.0030674846625767306,0.027076923076923155,0.023666866387058092,0.001170617500731611,-0.012277111955568597,0.009470257472625046,-0.003224860744649646,-0.007352941176470588,0.00118518518518516,-0.004143237644273471,0.005646359583952596,0.007092198581560132,0.030516431924882605,-0.0037015945330294837,0.0,0.015432980851671881,0.035744441317196625,0.035326086956521854,0.029658792650918513,0.01962783583991851,0.1,0.09999999999999996,-0.09999999999999992,0.008953168044077147,-0.02844141069397042,0.03067915690866499,-0.029993183367416503,0.005856172405715625,-0.004424778761061894,0.02152046783625735,0.0020609113808105406,-0.0013711151736744782,0.029748283752860344,-0.01555555555555562,-0.007674943566591339,-0.0145586897179254,0.0013850415512465899,-0.02305209774089442
sh.601633,-0.02179487179487171,-0.017474879860201055,-0.004001778568252551,0.0017857142857144064,-0.00668449197860972,-0.0004486316733960525,-0.003141831238779187,0.004052228725799183,-0.012556053811659243,0.011807447774750299,0.002244165170556425,0.010747872816838424,-0.014178112538768288,0.008539325842696687,-0.012923351158645395,0.014446952595936808,-0.0048954161103693565,-0.006261180679785356,-0.01755175517551758,0.021988089784699974,0.03809950694755722,-0.04663212435233169,0.015398550724637836,0.020963425512934827,0.01660113586719087,0.0,-0.013321873657069133,0.0017421602787456073,0.022608695652173893,-0.008078231292517061,-0.008572653236176567,0.0324254215304799,0.0012562814070352236,0.007528230865746537,0.00041511000415116493,0.008298755186721962,0.01893004115226341,0.058158319870759194,0.051526717557251966,0.10018148820326671,0.056746948201913644,-0.08273493599750241,0.027910142954390753,-0.043046357615894065,0.0058823529411765295,-0.031303749570003446,-0.033380681818181865,-0.02902277736958116,0.02080968596292095,-0.012231282431430757,0.024765478424015015,0.034419626510435786,-0.03362831858407077,0.019047619047619032,-0.019769949676491757,-0.019435276861019476,-0.01121914734480169
sh.601658,0.0020790020790022196,-0.006224066390041545,-0.012526096033402842,0.0,-0.004228329809725256,0.004246284501061669,-0.0021141649048627216,0.01906779661016946,-0.00415800415800407,0.012526096033402842,0.02268041237113409,0.020161290322580575,0.0019762845849803706,0.0,0.01183431952662714,0.0,0.0019493177387913815,0.007782101167315182,-0.013513513513513398,-0.041095890410958895,-0.034693877551020394,0.002114164904862534,-0.023206751054852388,-0.0021598272138228483,0.0,0.023809523809523878,-0.021141649048625904,0.0021598272138228483,-0.028017241379310324,0.006651884700665244,0.006607929515418557,0.017505470459518613,-0.004301075268817303,0.01727861771058317,0.01061571125265389,0.0378151260504203,0.014170040485829836,0.029940119760479115,-0.021317829457364403,0.04158415841584158,0.03231939163498097,-0.04972375690607727,0.0562015503875969,0.0,0.03486238532110082,-0.028368794326241006,0.03467153284671524,-0.005291005291005335,0.0,-0.017730496453900648,0.0,0.0018050541516245102,-0.0018018018018017634,-0.009025270758122712,-0.012750455373406244,-0.005535055350553551,-0.022263450834879427
sh.601668,-0.016014234875444813,-0.012658227848101316,-0.00549450549450554,-0.0036832412523019474,0.0073937153419593405,0.011009174311926533,-0.001814882032667838,0.0018181818181817794,-0.003629764065335676,0.01821493624772307,0.008944543828264727,0.005319148936170257,-0.0017636684303350594,-0.008833922261484068,0.010695187165775331,0.0,-0.0070546737213403946,-0.012433392539964526,-0.016187050359712206,-0.042047531992687306,0.02862595419847318,-0.020408163265306017,-0.030303030303030328,-0.021484375000000062,0.011976047904191716,-0.009861932938856155,-0.02788844621513938,0.008196721311475417,-0.02235772357723584,-0.00415800415800407,-0.004175365344467738,0.006289308176100681,0.01874999999999997,0.004089979550102344,0.008146639511201636,0.05252525252525248,0.04798464491362764,0.058608058608058664,0.0034602076124566734,0.06551724137931032,0.03398058252427184,-0.0923317683881064,0.08620689655172414,-0.03968253968253968,0.05123966942148769,-0.020440251572327026,0.036918138041733474,-0.04179566563467486,0.014539579967689798,0.03503184713375792,-0.012307692307692318,0.009345794392523442,-0.023148148148148202,-0.0063191153238546655,-0.023847376788553316,-0.011400651465797948,-0.009884678747940773
sh.601669,-0.0017953321364453634,-0.007194244604316554,-0.010869565217391235,0.00549450549450554,-0.005464480874316985,-0.00549450549450554,-0.005524861878452921,0.01666666666666664,0.0,0.010928961748633809,-0.007207207207207214,0.010889292196007351,-0.012567324955116747,-0.01272727272727278,0.0,-0.0036832412523019474,-0.009242144177449136,-0.027985074626865735,-0.02303262955854129,-0.05893909626719054,0.002087682672233776,-0.03541666666666665,0.0021598272138228483,-0.02155172413793096,0.006607929515418557,0.0,-0.01969365426695839,-0.004464285714285817,-0.011210762331838525,-0.002267573696145076,-0.002272727272727426,0.002277904328018377,0.018181818181818195,0.0,0.004464285714285619,0.037777777777777764,0.04068522483940051,0.049382716049382575,0.015686274509803935,0.0888030888030888,0.06205673758865258,-0.09682804674457429,0.08317929759704254,-0.05460750853242325,0.016245487364620913,-0.01776198934280633,0.0018083182640144279,-0.019855595667870093,0.014732965009208118,0.00907441016333935,0.003597122302158357,0.019713261648745577,-0.021089630931458717,0.003590664272890408,0.0,-0.014311270125223626,-0.01088929219600719
sh.601728,0.004975124378109347,-0.014851485148514828,-0.0016750418760468656,-0.008389261744966413,-0.0033840947546532082,-0.018675721561969345,-0.015570934256055338,0.0070298769771529055,0.012216404886561848,0.018965517241379366,0.011844331641286003,0.008361204013377897,0.0016583747927031154,0.023178807947019816,0.008090614886731507,-0.001605136436597219,0.0032154340836013607,0.012820512820512832,-0.015822784810126667,-0.006430868167202578,-0.01294498381877024,0.014754098360655861,0.006462035541195482,0.0,-0.01123595505617982,-0.009740259740259822,0.009836065573770574,0.004870129870129911,-0.022617124394184257,-0.028099173553718996,0.011904761904761953,-0.0033613445378152034,-0.010118043844856596,0.02555366269165238,0.006644518272425255,0.03135313531353142,-0.009599999999999937,0.029079159935379597,-0.006279434850863428,0.06003159557661925,-0.007451564828613983,-0.05105105105105103,0.050632911392404965,-0.05120481927710842,0.03492063492063488,-0.013803680981595071,0.006220839813374812,-0.009273570324574902,0.018720748829953213,0.01990811638591116,-0.0015015015015014694,-0.009022556390977519,-0.013657056145675243,-0.004615384615384654,0.007727975270479108,0.0,-0.007668711656441691
sh.601857,-0.018826135105204866,-0.04966139954853268,0.008313539192399085,0.011778563015312089,-0.004656577415599435,0.02222222222222216,-0.0034324942791761283,0.00918484500574033,-0.0011376564277587927,0.009111617312072901,0.01693002257336347,0.006659267480577192,-0.01984564498346193,0.004499437570303616,-0.0033594624860021683,0.0033707865168538607,0.01343784994400907,0.02983425414364636,-0.015021459227467872,-0.030501089324618667,0.0033707865168538607,0.008958566629339314,-0.03329633740288557,-0.05281285878300813,-0.01454545454545445,-0.011070110701107212,-0.02736318407960185,0.010230179028133002,-0.018987341772151944,0.011612903225806433,0.00765306122448986,0.020253164556962043,-0.026054590570719707,0.007643312101910891,0.012642225031605517,0.043695380774032413,0.004784688995215422,-0.001190476190476165,-0.0011918951132300103,0.07637231503579937,0.035476718403547707,-0.09528907922912212,0.03431952662721905,-0.004576659038901708,0.0057471264367816915,-0.0365714285714286,-0.0011862396204032962,-0.008313539192399085,0.022754491017964014,-0.00936768149882884,0.0,0.002364066193853377,-0.003537735849056738,-0.007100591715976181,-0.0023837902264602323,-0.020310633213859015,-0.010975609756097545
sh.601888,-0.008928571428571555,-0.002552552552552365,0.02423603793466806,-0.020723104056437548,-0.00915503526939816,-0.018024840957285636,-0.013573962671602583,0.0034401876465988876,-0.0144927536231884,0.010436432637571103,-0.006416275430359884,-0.0014175460702473368,-0.019242902208201875,-0.013509166934705634,-0.017443756113465932,0.011282561805209883,-0.0024610336341264263,-0.018421052631578907,0.012231903485254639,-0.015394802185068694,0.025722932078009436,-0.03409277167677427,0.0035635499745460862,-0.009976327358809663,0.003074295473953881,-0.032521709518133775,-0.02164730728616679,-0.009174311926605595,0.0018155410312273316,-0.0070677781805001914,0.0009125752874612934,-0.019693654266958523,0.025669642857142905,-0.01505259339862166,-0.00018412815319471764,0.05561694290976065,0.01203768318213534,0.0999827615928289,0.09982761322676703,0.10002849814762034,0.09961139896373054,-0.10001177995052414,-0.024214659685863983,-0.03916834339369553,-0.0037693703755409193,-0.0326513452914798,-0.04244531363175441,-0.009984871406959103,0.03942542787286061,0.0024992649220817657,0.013931661533949301,0.0052068267283771974,-0.0244604316546763,0.017551622418879025,0.018988259167995396,-0.02091038406827879,-0.0135115501961353
sh.601899,-0.040288634996993276,-0.02067669172932331,-0.017914267434421056,0.008469055374592884,-0.01744186046511625,0.008547008547008482,0.0013037809647978862,0.011718749999999983,-0.009009009009008933,0.01168831168831167,0.01861360718870341,0.02205419029615625,-0.010480887792848222,0.0068535825545170985,0.0006188118811882155,-0.006802721088435558,0.009339975093399884,-0.008636644046884674,-0.015556938394523958,0.006953223767383023,0.004394224733207802,-0.024375000000000036,-0.007687379884689252,-0.052291801162040054,0.0,0.005449591280653956,-0.04132791327913275,0.0049469964664311155,-0.0014064697609002354,0.0,0.03380281690140848,0.024523160762942742,0.02393617021276604,0.031168831168831197,-0.0037783375314861772,0.04361567635903927,0.024833434282253188,0.02659574468085102,0.00805987334484747,0.03597944031981719,-0.009922822491730965,-0.05734966592427623,0.02480803307737754,-0.006340057636887779,0.024941995359628964,-0.030560271646859233,0.018680677174547595,-0.017765042979942622,0.028588098016335963,0.03346568349404424,-0.009330406147091007,-0.01108033240997226,-0.02016806722689092,-0.014865637507146829,-0.0017411491584446393,0.0011627906976743939,-0.0052264808362369256
sh.601919,-0.0022624434389139788,-0.03174603174603174,-0.007806401249024172,0.012588512981903882,-0.03496503496503491,-0.008856682769726202,0.004874086108854486,0.009700889248181164,-0.017614091273018467,0.01711491442542794,0.015224358974358934,0.0023677979479083946,-0.022834645669291272,0.008863819500402855,0.00399361022364223,-0.01591089896579165,0.009700889248181164,-0.004003202562049697,-0.004823151125401826,-0.01857835218093703,0.030452674897119277,-0.007987220447284317,-0.017713365539452547,-0.005737704918032665,-0.01401483924154987,-0.009197324414715819,-0.018565400843881762,-0.0017196904557180868,-0.0017226528854435465,0.018981880931837846,0.009314140558848385,0.03187919463087255,0.029268292682926782,0.025276461295418662,0.02080123266563941,0.042264150943396264,0.015930485155684203,0.03563791874554526,0.021335168616655232,0.058625336927223784,0.057288351368554966,-0.09753160746538225,0.008005336891260787,-0.025810721376571727,0.009510869565217309,-0.02288021534320322,-0.007575757575757537,-0.025676613462873074,0.013532763532763625,0.02037947997189031,0.023415977961432497,-0.0026917900403767934,0.0,-0.006072874493927116,-0.004073319755600848,-0.010224948875255649,-0.013085399449035778
sh.601985,-0.012612612612612505,-0.010036496350365073,-0.009216589861751119,0.02139534883720934,-0.014571948998178519,-0.0027726432532348554,-0.008341056533827605,0.011214953271028132,0.018484288354898272,0.006352087114337594,-0.003606853020739328,0.02262443438914027,0.004424778761061852,-0.014977973568281932,0.02146690518783544,-0.009632224168126044,-0.007073386383731217,0.0,0.012466607301869883,-0.03166226912928755,-0.006357856494096302,0.0054844606946984,-0.052727272727272734,-0.014395393474088325,0.001947419668938615,-0.019436345966958143,0.007928642220019828,0.003933136676499599,-0.051909892262487864,0.012396694214876136,-0.008163265306122455,0.012345679012345599,-0.0010162601626016044,0.016276703967446605,0.013013013013012914,0.049407114624505935,-0.010357815442561152,0.008563273073263546,0.0028301886792453904,0.04891815616180616,-0.011659192825112177,-0.06170598911070778,0.05415860735009676,-0.02201834862385323,0.006566604127579764,-0.027027027027027112,-0.0028735632183907434,-0.007684918347742562,0.013552758954501507,-0.01337153772683864,0.02904162633107461,-0.008466603951081998,-0.014231499051233262,-0.016361886429258895,0.004892367906066432,0.007789678675754632,-0.02898550724637671
sh.601988,0.0021321961620468627,-0.006382978723404308,-0.012847965738757947,0.0021691973969630773,0.0,0.002164502164502118,0.006479481641468736,0.00858369098712447,0.004255319148936079,0.006355932203389884,0.01263157894736834,0.022869022869022936,0.008130081300813016,-0.0020161290322580215,0.024242424242424263,0.001972386587771161,0.0,0.017716535433070838,-0.009671179883945807,-0.04101562499999999,-0.024439918533604908,0.02296450939457209,-0.028571428571428685,-0.004201680672268818,-0.006329113924050685,0.0021231422505307404,-0.00847457627118645,0.025641025641025664,-0.03541666666666665,0.0,-0.010799136069114432,0.015283842794759887,-0.008602150537634416,0.006507592190889232,0.01077586206896567,0.044776119402985065,0.0,0.01836734693877548,-0.02404809619238479,0.026694045174537964,-0.0060000000000000496,-0.032193158953722364,0.04158004158004162,0.0019960079840318935,0.023904382470119546,-0.023346303501945546,0.0159362549800797,-0.009803921568627416,0.0,-0.019801980198019733,-0.0020202020202019773,0.00404858299595133,-0.0020161290322580215,-0.008080808080808088,-0.006109979633401272,0.0040983606557378,-0.014285714285714343
sh.603259,0.014420803782505898,-0.00978792822185958,0.021416803953871417,-0.01152073732718894,-0.009324009324009291,-0.023529411764705882,-0.0028915662650601795,-0.004349927501208306,-0.03228155339805838,0.006521193880110488,0.0022427111886368376,-0.011188463451019287,-0.011817953231078851,-0.014249363867684356,-0.03200826019617971,-0.0002666666666666136,0.01733795678847689,-0.0018353434714210876,0.006041502495403123,0.010704960835509236,0.012141565486954246,-0.03675344563552827,0.017223105458399536,0.026308934618390154,0.006598984771573554,-0.021684316691880975,0.015721649484536068,-0.05379345343821359,0.03352105122016626,0.031655422937208064,0.0015090543259557916,0.005022601707684652,0.016491754122938445,-0.0024582104228122277,0.028831936914736365,0.017964071856287425,0.004941176470588255,0.013111683446499703,0.1000693321007626,0.09999999999999995,0.1000763941940413,-0.03142361111111115,-0.015414948915576258,-0.06335335882031672,0.008746355685131112,-0.035067437379576114,-0.022364217252396117,-0.01593137254901963,0.042341220423412186,0.0027877339705296806,0.008737092930897493,0.013582677165354426,-0.026218683239464,0.0570402871958516,0.008301886792452787,0.0009356287425150499,-0.025238362310712307
sh.603288,0.0011557353366078921,0.007215007215007215,0.01117478510028655,-0.007367526211391273,0.019982871824150605,-0.006717044500419673,-0.00028176951253888744,-0.013246899661781254,-0.011996572407883307,0.017635154668979455,-0.008522727272727394,-0.005730659025787844,-0.008645533141210497,0.005813953488372176,-0.0066473988439307505,0.008728542333430442,-0.010383616959907685,-0.0032060623724861387,-0.011695906432748704,0.005621301775148072,0.08855545748749626,-0.0283783783783783,0.003616133518775951,-0.018569844789357033,0.007342558599265889,-0.005046257359125307,-0.006198929275852321,0.005670541536716635,0.020298844093600193,-0.007184305056645427,-0.0022265516281658308,0.008089260808926057,0.001106806862202522,-0.007186290768380265,0.010022271714922032,0.0562293274531422,0.007306889352818401,0.07072538860103618,0.059762884103556714,0.099771689497717,0.07535810670541822,-0.0994208494208494,0.00793140407288327,-0.021267545725223307,0.008474576271186298,-0.022839905192846267,-0.04762954796030879,-0.021995832368603745,0.020123106060606095,0.002320724065908431,0.006714517249363259,0.011039558417663386,-0.010919017288444131,0.019549218031278782,0.023460410557184733,-0.00815516861362128,-0.01888888888888892
sh.603501,-0.028361138370951916,-0.044641955358044653,0.003594460302357579,-0.025071105024755184,-0.005402485143165856,0.0013036393264530641,0.001735922751437524,0.01158886602404427,-0.0026766595289079227,-0.004294149221685514,-0.014016172506738514,-0.01913613996719519,0.02876254180602005,0.007368877329865547,-0.019470740103270098,-0.007350521119034577,-0.01525198938992053,-0.020426487093153686,0.00710357470210821,-0.0037542662116042376,0.033801530204407994,-0.04562023638572844,0.013425925925925886,-0.010621288259479292,0.008195775135634398,-0.020952599038241336,0.008653958601333117,-0.00011594202898556656,-0.0004638218923932287,-0.015777262180974472,-0.005539839698255526,0.007111532535261281,0.018006355184182667,-0.023352601156069318,-0.02107007575757577,0.02877871825876657,0.021861777150916778,0.03956751782838737,0.08442133215313133,0.09376594225079071,0.09999999999999999,-0.02069199457259157,-0.0006927606511949973,-0.029896013864818046,-0.011433675748101842,-0.01255986265473932,-0.03321742313323568,-0.018741126360624742,0.06298832834957076,0.03157894736842109,-0.004486277269528546,-0.014403110364937664,-0.013806706114398477,0.016181818181818193,-0.007425299695831082,-0.014511041009463717,-0.01755990488384856
sh.603986,-0.04242563984320951,-0.06501324343847828,0.006695853721349604,-0.01573292402148892,0.008057179987004422,0.007090369988397724,0.0008960573476701635,0.009847806624888043,-0.009245187436676669,0.006647066342835178,0.001904761904761977,0.001013941698352323,0.003165358318561661,-0.06613656443266451,-0.004595215569671431,-0.017515274949083587,-0.014925373134328335,-0.014730639730639691,-0.003986900185106096,0.0007147962830592875,0.03399999999999993,-0.053053329649074187,0.021593230230522172,-0.016852327906312376,0.00798954096455545,-0.021761060671566582,-0.003535651149086548,0.004287403903016059,-0.004269100544678437,-0.012418687167356644,-0.02245508982035928,-0.00796324655436441,0.011268910157456066,-0.0033582659136009592,-0.0024506049931078385,0.05020727775218809,0.015350877192982414,0.08380129589632819,0.0681546432841771,0.09912935323383082,0.10003394817245659,-0.042279600864108625,-0.05392051557465087,-0.046321525885558566,0.025238095238095292,-0.013005109150023276,-0.022588235294117666,-0.008305247953779462,0.06493506493506486,0.024846136311830486,-0.012455516014234926,-0.009009009009008978,0.003409090909090877,0.009626274065685262,0.018059450364554114,-0.02379903040987231,0.0018058690744922213
sh.688012,0.0010098459984852095,-0.03284993694829765,0.004824304061542533,-0.010251086744955454,0.017109144542772764,-0.01218097447795815,-0.004371370783584627,0.018152031454783817,-0.04923730449893805,0.004670999187652299,-0.010039754733508585,-0.006602232507487061,-0.011099691675231081,-0.015381417584701716,-0.023291816198719315,-0.056123919308357494,-0.004198152812762254,-0.0035259849762379883,-0.005615384615384537,0.0234393130656765,0.02078609221466364,-0.053535727508330376,0.007745266781411431,-0.012887198198897575,0.011246559182068476,-0.009099393373775204,0.0003139470999137136,0.018124754805806106,0.006858816276202334,-0.004822043628013742,-0.03491770496846643,-0.011236850494102732,0.0029821874748126426,-0.03158148505303755,-0.026636793627084956,0.03324808184143228,-0.0018976897689769305,0.053484334959080754,0.0742310106716887,0.19795471146822494,0.20000000000000007,0.006097560975609698,-0.08999999999999997,-0.06449106449106451,0.027823920265780715,-0.023953823953823988,-0.0333530455351862,0.0002447081854887559,0.135474006116208,0.007971990304336062,-0.022978677924437467,-0.01575233823770729,0.00027785495971109403,0.019166666666666603,-0.014009266830198928,-0.003206545776205131,0.004714364947310007
sh.688041,-0.02121516444890783,-0.05335385404642807,0.014361197669692485,-0.04314144517163088,0.010329424902289152,-0.005111909367228383,0.02346896264407718,-0.002578018995929413,0.0008162154808867917,0.04118526573331523,0.003133159268929623,0.0,-0.015486725663716784,0.017580964970257743,0.004156923876331426,-0.013583441138421698,-0.017967213114754157,0.005608974358974382,-0.007835325365205889,0.0038816758131442414,0.05853333333333334,-0.019145988159717797,-0.0070630538076282435,-0.010993274702534847,-0.023146331894860678,0.019812583668005406,0.002887897085849289,0.032722513089005235,0.0038022813688212563,-0.03914141414141425,0.024704336399474506,-0.04167735316747884,0.015923993041616454,0.0,-0.005400421496311862,0.034564958283671024,0.008064516129032199,0.02844444444444438,0.0629707371280406,0.19967475897316758,0.20003872966692482,0.05696304663546879,0.00022900763358779493,-0.05594138746851865,0.004042037186742118,-0.057971014492753645,-0.029316239316239376,0.022981421149951692,0.14468927526252368,-0.012707722385141722,-0.024295506473724277,-0.024119896963547088,-0.00975843864981602,-0.0145395799676898,0.004672131147540928,0.032308068858611476,-0.0105903738243895
sh.688111,-0.013067061143984248,-0.013240069947539373,0.017822784810126634,-0.007412197791264596,-0.010274144238961617,-0.01645736277091351,-0.009061422025433717,-0.0008832545331739362,-0.021060842433697404,0.022841965471447602,-0.014957153985977792,0.03337375441556394,-0.024744897959183644,-0.012817159298979948,-0.005246422893481615,0.011134196366735941,0.001053740779768117,-0.04578947368421046,-0.01820187534473255,0.02033707865168542,0.003248540909591473,-0.07507820646506781,0.030795704028956254,0.0048929311535804414,0.0013175230566535958,-0.02860411899313501,-0.0011778563015313135,0.05253537735849055,0.02890594364461373,-0.012359122338977416,-0.001764057331863248,0.015131433620499119,0.011805026656511891,-0.005860530136028837,-0.0030827474310437704,0.04095914935170608,0.002449447571398785,0.06820899402131533,0.08044970068623157,0.1999999999999999,0.18941441441441456,-0.1706116265858739,0.014459665144596694,-0.0762565641410353,0.03857554716368214,0.004691715212886644,-0.011946919873915326,0.03332020480504139,0.08438786400365904,-0.022847100175746926,-0.03960431654676256,-0.008876736956440333,0.00026453026982084944,-0.0007178208470285909,0.01712665406427211,-0.03010816637549703,-0.009006246886138132
sh.688981,-0.01405009163103233,-0.023337463857910006,-0.0004229223937406644,-0.0010577533319230856,0.005506141465480686,0.021272114574557816,0.0059806145597030135,0.008610086100861043,-0.00508130081300813,0.014913176710929454,-0.004428341384863101,0.0,-0.014355034371209075,-0.019897435897435874,-0.0259522812892424,0.012677266867211075,0.004667939741141499,-0.013305174234424552,0.013698630136986314,-0.0021114864864865165,0.020736352094794838,-0.03026533996683252,-0.011115861479264709,-0.01578037181150015,0.009663957830002146,-0.019360452469001536,-0.004658385093167721,-0.0006685981724981955,-0.03367528991971465,-0.008077544426494379,-0.01349464867380173,0.018160377358490642,0.013203613620569847,0.0027434842249656477,-0.009803921568627444,0.030854248215519305,0.002903730176457347,0.03251670378619156,0.07830025884383095,0.20004000800160032,0.20003333888981484,0.16530073621336305,-0.10573369889140546,-0.07384697414022917,0.088082901554404,-0.01878306878306862,-0.0012132650310057078,0.013902011067620476,0.1999467518636847,0.08142888839582875,-0.014772260976610562,-0.03883798417326118,0.024374390640233994,-0.00909475465313028,-0.006403415154749291,-0.008592910848549917,-0.07020585048754067
